Zip,ADI_STATERNK,ADI_NATRANK
90001,8.00713800135962,45.79401767505099
90002,8.125497287522604,50.51754068716094
90003,7.97254004576659,46.90675057208238
90004,4.23801870251315,28.200175336060784
90005,7.225922592259226,57.77587758775878
90006,7.280192307692308,52.824230769230766
90007,8.546607482561827,71.90509406045234
90008,6.761102603369066,49.13450740173558
90010,6.9340909090909095,57.69090909090909
90011,7.866388930218718,42.85121261717006
90012,7.638192267502612,58.49085684430512
90013,7.689364957918898,63.93420045906657
90014,5.686553873552983,31.868655387355297
90015,6.511836085140243,47.34453948677143
90016,6.242170742170742,32.31638781638782
90017,6.6722222222222225,50.229166666666664
90018,6.849652699977594,45.72484875644186
90019,3.8895733173076925,17.49834735576923
90020,7.996237337192475,67.47467438494935
90021,7.1038899430740035,53.804554079696395
90022,6.987280701754386,35.50021929824561
90023,7.571216065451841,43.864261807363334
90024,5.016194968553459,39.588050314465406
90025,2.663534293385404,7.706492555528436
90026,4.425531914893617,19.018599408200647
90027,6.094675665541807,46.88638920134983
90028,7.29896443043674,61.20733903647006
90029,7.227482892546699,55.33715553911596
90031,7.0419834710743805,35.73884297520661
90032,6.40205223880597,28.252487562189053
90033,7.318511510564491,42.36644591611479
90034,4.514308638673442,23.346349291254345
90035,1.6854771784232365,4.155809128630706
90036,6.438709677419355,50.80403225806452
90037,8.019833285426847,48.53578614544409
90038,6.250395694840139,44.11554289332067
90039,3.1192842942345926,9.845593108018555
90040,6.272159800249688,29.312734082397004
90041,2.8861052631578947,8.321473684210526
90042,5.242530073729142,20.6755917733799
90043,5.356042761369813,23.726218517847435
90044,7.655417406749556,42.24031971580817
90045,3.3287540545697385,14.880366342301087
90046,5.9543697793292605,49.135145243735195
90047,6.027796921663221,28.428899609464736
90048,1.5648409893992934,5.868021201413428
90049,1.521614268440145,3.3121221281741233
90056,2.7716150081566067,8.47226753670473
90057,9.308266932270916,85.3769920318725
90058,9.439125910509885,87.81217481789803
90059,7.522058823529412,43.38278546712803
90061,7.5889145496535795,41.775981524249424
90062,7.080598255089323,34.992937266306605
90063,7.061564059900166,34.85357737104825
90064,2.0026208026208026,4.691728091728092
90065,4.755949086884339,20.342003320420588
90066,2.997082117548979,11.10685007642073
90067,1.0,2.0004378283712785
90068,1.5456116102280582,4.239806496199033
90069,4.87233676975945,30.353951890034363
90071,5.6361892583120206,41.27046035805627
90077,1.0476694915254237,1.8167372881355932
90079,8.848813831926016,81.07800562927221
90094,1.999129677980853,3.9973890339425586
90201,7.662394822006473,45.267313915857606
90210,1.0114641336390435,1.8067474615132657
90211,1.2098445595854923,2.448186528497409
90212,1.0,1.9987809833401056
90220,7.811993871744364,47.168964762530095
90221,7.714546402502607,43.83133472367049
90222,7.961236249345207,46.966474594028284
90230,3.753797649756377,13.762396102034968
90232,1.9608414239482201,8.02200647249191
90240,4.021114864864865,14.785472972972974
90241,5.082778306374881,23.2941960038059
90242,5.824641659042391,27.76395242451967
90245,2.4123076923076923,8.756923076923076
90247,6.2604459124690335,29.038976052848884
90248,6.566932270916334,31.232669322709164
90249,5.750600160042678,26.468124833288876
90250,5.887936548548036,30.528847383906868
90254,1.0382763601348097,1.843042850264805
90255,7.362707039337474,39.41589026915114
90260,5.543459675121117,22.158734682245655
90261,2.0,4.0
90262,7.048744146445296,38.196253724989354
90265,1.0190681479025037,1.6831371248549163
90266,1.0004037141703674,1.3439644731530076
90270,7.472447114129015,40.12091930007835
90272,1.0025157232704403,1.0125786163522013
90274,1.0,1.2810532341156269
90275,1.4136510738452486,2.902618417181524
90277,2.088975540588444,5.965260545905707
90278,2.2198864830775697,5.3437040151355895
90280,6.787758996728463,31.442202835332605
90290,1.1748747913188649,1.8230383973288815
90291,1.6482678983833718,5.964665127020785
90292,3.1607435757244398,16.730727173318755
90293,2.2438510189739986,6.33731553056922
90301,7.595015576323988,46.50496958908174
90302,7.317677198975235,43.75969257045261
90303,6.386310604096448,29.617578428830697
90304,6.959041916167664,34.16670658682635
90305,4.881370449678801,19.159743040685225
90401,6.04228624535316,42.68959107806691
90402,1.0,1.4287749287749287
90403,1.7446718717028908,6.222620806077232
90404,4.3925,23.32425
90405,1.5549702244617498,4.201557489693083
90501,3.963338365322407,15.238084968729781
90502,5.190974133186571,20.290038525041275
90503,3.1784283513097074,11.031587057010785
90504,3.199597180261833,9.568781470292045
90505,2.662472647702407,7.011487964989059
90506,4.0,13.0
90601,4.612568639414277,23.086638194020743
90602,6.460760376700383,41.70910359260551
90603,3.9220166848023212,13.415669205658324
90604,5.294979846097472,19.776841333821913
90605,4.610369381397419,17.0173564753004
90606,5.883662114314618,24.978249873545778
90620,4.460848568471887,16.293549499827527
90621,5.39385906781533,25.244091009498565
90623,3.0181268882175227,7.823766364551863
90630,3.639981490050902,13.756902668517661
90631,5.162411971830986,23.852846244131456
90638,4.0658876987990915,13.790327815644272
90640,5.16291907903595,19.743907365019524
90650,6.187914649453111,28.25264479110633
90660,6.135819209039548,27.05830508474576
90670,6.26299311208516,33.35420580254644
90680,6.6944256375536,31.478221620401715
90701,5.21076923076923,25.016923076923078
90703,2.6714960117206576,7.409083509685821
90706,6.767753623188406,36.09384057971015
90710,7.314591700133869,49.397054886211514
90712,4.331581252737626,20.523872098116513
90713,3.6206896551724137,11.395402298850575
90715,5.435917114351496,21.213353798925557
90716,5.724330803036357,29.026368357970437
90717,4.21046046046046,15.881881881881881
90720,2.319889860706187,9.312763200518303
90723,7.8695719125346475,48.192331382814906
90731,5.694856482373338,31.954151415912154
90732,3.3556823585354256,11.25582501188778
90740,4.595302878419018,29.27724473721896
90744,7.453559142630326,45.596983328922995
90745,6.126721763085399,28.49607967789786
90746,6.235169491525424,31.986228813559322
90755,5.171428571428572,23.514285714285716
90802,6.960972953349065,41.60918497004901
90803,2.7408477842003856,10.773988439306358
90804,6.532853525256564,33.57003865120618
90805,7.698736940589428,46.91548417277405
90806,6.7753498649644,37.27670022096735
90807,4.95726627584079,23.417772292502313
90808,2.8349514563106797,9.036317871269327
90810,7.099136442141623,45.5713298791019
90813,7.951605608322026,52.71415649027589
90814,4.388192107678189,19.9788926277149
90815,5.159335288367546,36.289100684261975
90822,6.733333333333333,50.0
90831,5.0,18.0
90833,5.0,18.0
91001,2.7718446601941746,8.610679611650486
91006,2.6683524088368378,10.509715198296513
91007,2.2694010032457954,6.2688108586603715
91008,1.3571428571428572,3.057142857142857
91010,5.652814308258812,25.236717517096267
91011,1.0905902980713034,1.6966686148451198
91016,3.871287128712871,12.985058505850585
91020,3.5888671875,11.14453125
91024,1.8867805186590765,4.179000632511069
91030,2.056384248210024,5.234486873508353
91040,3.9544483985765124,14.44626334519573
91042,5.419430172816441,22.330219523587107
91101,4.927851047323506,25.08895784846134
91103,5.24971450323563,28.86791016368481
91104,3.3636938646426313,10.501265022137888
91105,2.220626631853786,7.455178416013925
91106,3.662654630558342,12.401203610832498
91107,2.822608270124786,8.410080743821874
91108,1.006825938566553,1.378839590443686
91201,5.438565549676661,28.012639623750736
91202,4.4569062852841554,23.550997365449756
91203,5.899398395721925,27.19552139037433
91204,6.688061190555371,43.2184901895577
91205,6.340132450331126,41.952847682119206
91206,4.676550680786687,19.452950075642967
91207,3.451645064805583,13.311066799601196
91208,2.151426907396622,5.849155503785672
91210,5.0,21.0
91214,2.7737665463297234,7.578820697954272
91301,2.876521116678597,9.345025053686472
91302,1.1215816703621582,1.951219512195122
91303,7.066294487090021,41.95045359385904
91304,6.348498635122839,41.48430391264786
91306,5.461284403669724,22.177614678899083
91307,3.1282834453268173,9.029321930360416
91311,4.3679638637943015,17.187282835302295
91316,4.061577934573444,15.908595253367544
91320,3.419659239842726,12.83905635648755
91321,6.237503611672927,37.68101704709621
91324,4.2683564149464335,15.275411549516592
91325,4.1395348837209305,15.134949230265313
91326,2.9038461538461537,9.942307692307692
91331,7.322618351841029,39.53107344632768
91335,6.078779940119761,26.38435628742515
91340,7.055177111716621,39.37057220708447
91342,6.256651524983777,31.409474367293964
91343,6.111363636363636,34.76035353535354
91344,4.240106241699867,15.694555112881806
91345,6.039812646370024,28.29898516783763
91350,3.9329379562043796,14.300638686131387
91351,7.368421052631579,44.04165321278657
91352,6.039057456423499,27.48741123305358
91354,3.1266447368421053,9.18421052631579
91355,3.6451937594363364,12.435581278309009
91356,3.8920863309352516,15.484146016520118
91360,3.372562514338151,10.704060564349621
91361,1.989856801909308,4.98717183770883
91362,3.1425344477072508,12.208719222950078
91364,2.300347771103383,6.3800189693329115
91367,3.904632768361582,13.88632768361582
91377,1.9448529411764706,4.401960784313726
91381,2.4057672502574667,6.592173017507724
91383,7.0,31.0
91384,4.436862745098039,16.31686274509804
91387,6.078194157568604,35.00885216878135
91390,3.6038034865293187,11.526148969889064
91401,5.223853211009175,30.233551769331587
91402,7.371402042711235,39.444753946146704
91403,2.521409214092141,6.869647696476965
91405,6.423049045663204,29.582507852138196
91406,6.356027330405076,38.12420693020986
91411,6.135369376805613,38.46512587701197
91423,2.863802782523798,8.375152550646815
91436,1.224890829694323,2.027292576419214
91501,3.935126582278481,13.811181434599156
91502,4.935175345377258,21.753453772582358
91504,3.940445365095805,13.673744174003108
91505,3.1465367211973545,8.559693699965193
91506,3.3314917127071824,10.426028238182933
91601,5.9327193655666415,32.39856740854439
91602,2.933361450864614,8.69590889919865
91604,2.216785290628707,7.987841043890866
91605,6.267986030267753,30.225844004656576
91606,5.908112823495202,30.276243093922652
91607,3.6741980474198046,12.581589958158995
91608,1.0,1.0
91701,5.091161616161616,21.99772727272727
91702,5.712765957446808,25.44537643207856
91706,7.132286590868074,34.95596462732359
91708,6.225559481743227,28.122497055359247
91709,3.570946658233186,12.71832173729707
91710,5.466174416284175,23.193973258830574
91711,3.8,15.086744639376219
91722,5.8562799416788165,23.7908769006457
91723,6.142263427109975,29.529731457800512
91724,4.391905737704918,15.826844262295081
91730,6.56513204853676,32.884189864382584
91731,5.886559139784946,25.86236559139785
91732,6.51615476665337,32.73274830474671
91733,6.545999400659275,33.79442613125562
91737,3.6053811659192827,12.349775784753364
91739,3.7498220640569393,14.302491103202847
91740,6.935845456713571,45.98068208919628
91741,3.3891764705882355,14.145411764705882
91744,6.315207156308851,27.824858757062145
91745,3.9295052550628045,13.259677005895924
91746,5.173730591691146,20.871590432228285
91748,5.577111984282908,31.227406679764243
91750,4.576878388845856,17.289116963594115
91752,7.413188647746244,45.860879243183085
91754,3.7260160924283063,11.58984939137611
91755,4.41110545084055,16.10850738665308
91758,6.0,27.0
91761,7.247548529117471,42.36401841104663
91762,7.137801440651425,37.54963983714375
91763,7.610643015521064,43.58558758314856
91764,7.8740699917332595,45.385230090934144
91765,3.355565086853957,10.78576024018872
91766,7.612047526941144,43.537993920972646
91767,6.940521628498728,33.4367048346056
91768,7.610894941634241,43.52675097276265
91770,5.254393751109533,20.99378661459258
91773,7.209062442438755,51.062258242770305
91775,2.873992673992674,8.12967032967033
91776,4.4658284977433915,18.114442295293358
91780,3.147890588780714,8.68266110338433
91784,3.044143613890524,8.2613301942319
91786,7.064859437751004,40.16425702811245
91789,3.0128068303094984,9.515119174670936
91790,5.009930486593843,18.876199933796755
91791,3.374863387978142,11.778142076502732
91792,5.393412057178372,25.459291485394655
91801,4.657171514543631,17.484653961885655
91803,4.510709318497914,15.946036161335188
91901,3.935212957408518,13.227354529094182
91902,3.2100840336134455,10.472116119174943
91905,6.006622516556291,27.064569536423843
91906,8.001779359430605,45.20284697508897
91910,6.499909600433918,36.14409690833484
91911,7.340519137703476,47.56885173779146
91913,4.094029149036201,14.612599905970852
91914,3.7219003476245653,13.216685979142525
91915,4.142174432497013,15.22700119474313
91916,6.936189608021878,33.59070191431176
91917,6.1415929203539825,29.01769911504425
91932,6.183560262228946,30.97629853756934
91934,8.0,47.0
91935,3.8454087562960093,11.562572646261138
91941,4.112533954210322,14.674039580908033
91942,5.891948051948052,28.531948051948053
91945,7.179575727676369,40.031573754316724
91950,7.803204601479047,47.47658175842235
91962,5.654107473749228,23.13588634959852
91963,9.980689655172414,83.62344827586207
91977,6.34107905982906,30.306356837606838
91978,5.30706243602866,25.92937563971341
91980,10.0,84.0
92003,5.8509659613615455,28.364765409383626
92004,8.386355960824046,56.65619723066531
92007,1.2516778523489933,1.9319271332694152
92008,3.2954826732673266,13.148514851485148
92009,2.5133625847626644,7.358595931392102
92010,4.008620689655173,12.617456896551724
92011,2.3148991541964867,5.597918022121015
92014,1.0032435129740518,1.6397205588822354
92019,5.120277078085643,24.988664987405542
92020,7.335287443267776,51.67208774583964
92021,7.115586690017513,42.35201401050788
92024,1.9955067398901647,5.015976035946081
92025,6.438579181055747,36.69314257523433
92026,5.856749311294766,29.68013468013468
92027,6.336483293958826,36.303408707391156
92028,5.140176350893059,22.725977843092924
92029,4.446106240330067,20.17225373904074
92036,5.693623085144282,32.435340220876384
92037,1.9690274623167459,5.658269667561429
92040,6.293613179869104,31.35025953509366
92054,5.210002427773731,31.017722748239866
92055,7.0,30.0
92056,5.407569596496716,22.476696903346888
92057,5.656769176387416,26.31954754330152
92058,7.204457779682812,40.9948564080583
92059,5.956521739130435,22.82782608695652
92061,4.916867469879518,19.49277108433735
92064,3.5124197599776723,14.102428132849568
92065,5.231871471993053,23.86561007381676
92066,9.0,55.0
92069,6.41231884057971,38.571014492753626
92070,7.706592386258125,43.38718662952646
92071,6.141398672792241,31.26059213884635
92075,1.82687338501292,3.75484496124031
92078,5.682462535439449,28.63710004050223
92081,4.721796835119959,19.674323634507402
92082,3.972149344096872,12.630070635721493
92083,6.786556089044086,35.293321693583586
92084,5.477948076321551,26.19174225836722
92086,6.477300613496933,32.9239263803681
92091,1.0048426150121066,1.7469733656174333
92101,5.744238336143901,35.772906127037665
92102,6.579381443298969,38.69779086892489
92103,3.5784941488187236,14.478030470302494
92104,6.019459459459459,30.899027027027028
92105,7.741187603501301,49.23799384906553
92106,2.4522408329560887,7.137618832050702
92107,4.255362201537839,26.278025091056254
92108,5.8327199732351955,26.54734024757444
92109,3.5133604671739516,18.06653689612458
92110,5.0659614187927815,27.49564405724953
92111,5.481521445913137,24.960345292689507
92113,8.049097472924188,46.73501805054152
92114,6.835096453018046,34.61729931549471
92115,6.415969237729021,37.806604840533815
92116,5.54046997389034,26.25790542500725
92117,3.9612618881929946,13.185107863604731
92118,1.6105849582172702,7.102506963788301
92119,4.704622322435175,18.638105975197295
92120,4.315789473684211,17.211348684210527
92121,3.749448610498456,12.11733568592854
92122,4.19812974868498,19.243132670952658
92123,5.29,22.760967741935485
92124,4.835172413793104,30.042758620689654
92126,4.941287481652338,20.905011532816104
92127,2.1550882463387158,4.923019151333083
92128,3.5044404973357017,11.524486171022582
92129,3.553607014746911,15.312475089677163
92130,1.9744929317762754,5.650276582667487
92131,2.336785009861933,5.903353057199211
92135,8.0,52.0
92139,7.170157068062827,40.46335078534032
92154,6.844227099236641,40.83134541984733
92173,8.118990384615385,56.52223557692308
92197,4.0,11.0
92199,4.0,11.0
92201,8.628810311792371,62.48528130987633
92203,6.574993698008571,33.7446433072851
92210,2.908037094281298,9.48531684698609
92211,5.349710254472159,21.954648526077097
92220,8.906988436400201,62.66214177978884
92223,7.705714866788692,47.566605653853976
92225,8.557831839521981,58.235168587281265
92227,9.144120247568523,70.70557029177719
92230,9.91055900621118,90.39006211180124
92231,9.18616352201258,67.80964360587002
92233,9.976358148893361,82.54627766599597
92234,8.21620561114381,51.136158524622324
92236,9.475409836065573,79.78753235547886
92240,9.541937635484409,75.42354510588628
92241,9.452503509592887,71.10575573233506
92242,10.0,83.28700265251989
92243,8.750598882086772,64.88182060154378
92249,8.92518440463646,60.54899894625922
92250,8.962275449101796,66.08682634730539
92251,8.502480158730158,56.99950396825397
92252,9.44237385321101,74.94524082568807
92253,4.376697914673809,19.477711880619857
92254,10.0,86.2580874511198
92256,8.956677087985708,69.43724877177311
92257,9.998692810457516,95.92745098039215
92260,6.0498533724340176,28.794093003770424
92262,6.040864944108485,30.196811434854315
92264,6.542669087607807,35.94325919201089
92270,3.41701302299806,12.643114436131892
92274,9.668023255813953,87.31482558139535
92276,9.077597544936431,66.31871985971065
92277,9.21655150753769,72.30135050251256
92278,10.0,96.0
92280,10.0,90.0
92281,9.859612724757953,80.87690179806363
92282,9.895744680851063,77.52340425531915
92283,10.0,94.73631457208944
92284,8.884819356977129,65.94862446138548
92285,9.15200955033824,75.65061679267808
92301,9.844705240174672,82.13591703056768
92305,6.041144901610018,27.329159212880143
92307,8.102116293404562,52.20402712143004
92308,8.08028231142479,53.14777238641376
92309,9.997493734335839,89.9486215538847
92310,10.0,93.55818786367415
92311,8.833576642335766,64.70715328467153
92313,6.899912967798086,34.046127067014794
92314,6.365675403225806,28.721270161290324
92315,8.992627785058978,70.81356487549148
92316,8.587098999655053,63.33873749568817
92318,5.117647058823529,20.235294117647058
92320,7.563245823389021,39.11933174224344
92323,10.0,90.0
92324,8.771385799828913,63.00556030795552
92327,9.842287694974004,83.94107452339688
92328,10.0,88.0
92332,10.0,92.28260869565217
92335,8.684950224477845,58.50673433535038
92336,6.012169435993448,27.457992043061083
92337,7.199013895114298,36.91214701927387
92338,8.0,49.0
92339,6.994310099573258,34.95448079658606
92342,7.048499399759904,38.69987995198079
92344,6.643800596506178,33.65658287175117
92345,8.769244734931009,60.87273057371097
92346,6.8521484375,39.818359375
92347,8.994750656167978,59.653543307086615
92354,6.305799151343706,34.387553041018386
92356,9.21547314578005,66.6312872975277
92358,7.87799043062201,38.22727272727273
92359,7.686556434219986,42.427749820273185
92363,9.911705952856572,80.5061925689173
92364,10.0,90.0
92365,8.405384006334126,53.92794932699921
92366,10.0,90.0
92368,9.0,73.0
92371,8.356738035264483,55.44363979848867
92372,8.952145214521453,53.9026402640264
92373,5.960385718008861,31.534792806880375
92374,7.025922537358951,40.91887770661787
92376,8.787873367912717,62.718476122339474
92377,7.672759138708062,47.9699549323986
92392,8.657566302652105,57.12246489859594
92394,8.925238334169594,65.99548419468138
92395,9.379017013232515,74.10396975425331
92397,8.18653321201092,42.66848650288141
92399,7.576937269372694,48.951660516605166
92401,9.995833333333334,97.975
92403,9.833333333333334,93.0
92404,8.839199614271939,65.49927675988428
92405,9.04249737670514,67.57660020986359
92407,7.854834637717748,48.84751325422873
92408,9.261522527187985,73.40082858622475
92410,9.795966091786028,85.18415667933353
92411,9.706955177743431,78.41885625965998
92501,8.200664727877026,50.909015371832155
92503,7.397237259660257,43.94530520813888
92504,7.104279390063945,40.92326610919823
92505,7.528350515463917,41.725193298969074
92506,5.358722358722359,25.792246792246793
92507,8.233763693270735,59.8047730829421
92508,4.818268770923003,17.982305117168817
92509,7.830116648992577,47.78388123011665
92518,5.0,22.0
92530,8.352835051546391,56.525
92532,6.702677746999076,33.6555863342567
92536,7.883680555555555,43.4375
92539,8.161981728742095,47.7389318341532
92543,9.596649084703692,83.71144896059572
92544,8.222901729228173,56.734078447912275
92545,8.88888888888889,65.27283617849656
92548,9.067983730389308,66.35502614758862
92551,8.358894105372979,53.78768909754825
92553,9.017331384422635,63.00668197953644
92555,6.8293063133281375,32.94349181605612
92557,7.5448089279675346,45.4683801149814
92561,6.0358744394618835,29.282511210762333
92562,5.535011635286651,26.736830971017557
92563,5.789243124847895,25.822341202238988
92567,7.956001708671508,44.65014950875694
92570,8.171704180064308,58.33612004287245
92571,8.563366810138689,57.53658536585366
92582,8.752559726962458,60.91296928327645
92583,9.355220667384284,72.83665231431647
92584,6.646216132046091,32.02678293366552
92585,7.894877505567929,44.4815144766147
92586,8.839577329490874,59.33525456292027
92587,6.638824884792626,33.30184331797235
92590,2.362756264236902,6.917995444191344
92591,6.2323609226594305,32.615332428765264
92592,4.735133094204267,19.139324145742872
92595,6.864508146009486,32.62260259847391
92596,5.952224653537564,26.961706783369802
92602,2.682101513802315,9.285841495992877
92603,1.3695364238410597,4.217218543046358
92604,3.082815734989648,11.238095238095237
92606,5.641442715700141,37.38472418670438
92610,2.3372549019607844,5.76078431372549
92612,4.7656033287101245,25.665742024965326
92614,7.379240846489755,53.79308028216325
92617,4.856649395509499,28.884283246977546
92618,6.931216931216931,42.49761904761905
92620,2.555497382198953,7.18586387434555
92624,6.881472957422324,55.18181818181818
92625,1.0,1.3424018655266226
92626,4.462453676614004,26.03842402964697
92627,4.982148040638607,25.997968069666182
92629,1.6558480110825253,3.562042351078567
92630,3.7955346650998827,15.863924794359576
92637,7.577050856120623,42.44978277536417
92646,2.954447889339375,10.11805389935607
92647,5.908690869086909,42.02296479647965
92648,2.5813232253618192,9.267918676774638
92649,3.245443499392467,12.374848116646415
92651,1.0448022401120056,1.7549877493874693
92653,3.986610558530987,17.286534047436877
92655,5.253832004904966,19.144083384426732
92656,3.981015452538631,16.616777041942605
92657,1.0795698924731183,1.3548387096774193
92660,2.3944954128440368,7.4886999328708885
92661,1.0,1.8485049833887044
92662,1.0,2.0
92663,2.4945454545454546,12.015757575757576
92672,2.7229149348850097,10.481850928234968
92673,2.4594272076372317,7.320405727923628
92675,3.8002750085940185,16.46648332760399
92676,3.875,15.579198473282442
92677,2.6351677852348994,10.168859060402685
92679,1.8008064516129032,4.180645161290323
92683,5.435342606903658,29.561394470204363
92688,3.16926433915212,11.729114713216958
92691,3.555785735424682,12.135839005622966
92692,2.8662053056516723,8.652441368704345
92694,3.286856127886323,16.087033747779753
92701,7.642757853767028,50.8154017236586
92703,6.8243633499606196,36.736151220792856
92704,6.530804736102749,35.10816777041943
92705,4.580680331443523,27.15023986044483
92706,5.3266644801574285,28.589701541489013
92707,6.226873536299766,30.43032786885246
92708,3.458501208702659,14.93795326349718
92780,5.119423884776955,26.341468293658732
92782,2.492957746478873,9.227364185110664
92799,10.0,90.0
92801,6.9315662650602405,43.16602409638554
92802,6.670126019273536,44.12861378799111
92804,6.054755589238348,31.91284577491474
92805,6.607094133697135,38.19190541155071
92806,7.266458658346334,49.47425897035881
92807,4.420736932305056,24.41816623821765
92808,3.0715705765407555,16.024850894632205
92809,4.882175226586103,33.75226586102719
92821,3.811042220253912,15.905225863596103
92823,2.128,4.656
92831,5.704148097360302,36.426808364758315
92832,5.389656938044035,29.650281618023552
92833,4.852695011717442,23.35621024439237
92835,2.8982035928143715,12.480538922155688
92840,5.456906729634002,24.562278630460447
92841,5.5327257663628835,24.96271748135874
92843,5.907640067911715,29.616638370118846
92844,6.402259887005649,32.877966101694916
92845,3.1968225948808473,9.505736981465137
92860,4.632838533777643,15.968191457134202
92861,1.0093023255813953,1.697674418604651
92865,4.384698275862069,18.71928879310345
92866,4.740524781341108,26.89868804664723
92867,4.274765824581323,23.470621629293216
92868,6.380393641180923,38.06131718395155
92869,3.296875,11.673650568181818
92870,4.490146396396397,21.05855855855856
92879,6.910848901999344,36.98262864634546
92880,4.826763207294181,19.74953070528292
92881,4.991356957649092,19.783491789109767
92882,6.175733154242221,32.53301992388628
92883,4.976704055220018,18.268334771354617
92886,2.166286366229321,5.481745579007415
92887,2.1533333333333333,5.603703703703704
92899,10.0,100.0
93001,5.2082577132486385,27.699637023593468
93003,4.955662795958378,20.98099834112502
93004,4.48562582927908,16.951348960636885
93010,4.007883420926899,16.34806497849976
93012,3.1652954375467464,10.147344801795063
93013,3.18607516943931,10.226124460874923
93015,6.384909264565425,33.61127029608405
93021,3.682808716707022,12.71549636803874
93022,4.062354583527222,13.3936714751047
93023,2.94816247582205,9.294003868471954
93030,6.505195666592969,35.08379394207385
93033,7.2218643044091,37.98630964364808
93035,3.3937168502651978,11.184414524683802
93036,6.059411596686661,29.213938874607255
93041,7.3352012226184415,48.00764136525726
93060,6.3846567967698515,30.539703903095557
93063,4.057079016859638,15.027422303473491
93065,4.071466384330334,14.251632256926063
93066,4.603215767634855,18.221991701244814
93101,3.6434696569920844,21.174307387862797
93103,2.1886438291881745,6.362740497419052
93105,1.8566978193146417,6.63828314295604
93108,1.0066176470588235,1.4147058823529413
93109,1.2145782145782147,2.6093366093366095
93110,4.567590618336887,22.8226012793177
93111,2.6581753554502368,7.268957345971564
93117,5.422434367541766,40.71575178997613
93202,9.0,70.7943416757345
93203,9.29631425800194,76.46653734238603
93204,9.101164483260552,73.62882096069869
93205,9.97870326549929,82.68954093705632
93206,9.828467153284672,75.1094890510949
93207,8.265895953757225,50.92485549132948
93210,8.769729729729729,64.3463063063063
93212,9.487467265245042,76.55892255892256
93215,9.119725928597187,67.04002884962135
93219,9.89240972733972,79.76160648489315
93221,8.227079303675048,53.9926499032882
93223,9.929129129129128,80.73933933933934
93224,9.283828382838283,70.03465346534654
93225,7.701607267645003,40.957023060796644
93226,5.0,22.0
93230,8.023240260825949,51.731817421835814
93235,9.890330188679245,77.65094339622641
93238,7.052173913043478,33.26086956521739
93239,10.0,77.0
93240,9.032044655778375,69.30411412032251
93241,9.93399057008144,88.47063866266609
93242,9.173831775700934,64.48037383177571
93243,7.143414634146342,36.20390243902439
93244,6.793528505392912,31.77041602465331
93245,7.8123153828675305,46.92660758918428
93247,8.820705176294073,67.37959489872468
93249,9.78386167146974,77.35158501440922
93250,9.252865812542144,77.12677006068779
93251,8.01129943502825,45.33898305084746
93252,9.446153846153846,74.3366515837104
93254,8.0,45.0
93255,10.0,85.0
93256,9.152851711026615,65.19695817490495
93257,8.997985347985347,64.38534798534799
93260,8.003311258278146,48.0364238410596
93262,5.0,16.0
93263,9.089160192378838,69.2693303736589
93265,8.043753598157743,47.08232584916523
93266,9.312977099236642,71.2442748091603
93267,9.579247434435576,77.4703534777651
93268,9.618240807498198,74.09625090122567
93270,8.923305588585018,55.756242568370986
93271,5.978138663335415,26.781386633354153
93272,9.795324675324675,75.10285714285715
93274,8.469865118661431,57.6160150247567
93277,7.937782139352306,49.18959764474975
93280,9.500652315720808,75.53228962818004
93283,9.99074074074074,89.4787037037037
93285,7.416588566073102,40.170571696344894
93286,9.348567530695771,68.62551159618008
93287,5.0,22.0
93291,7.582174979558463,48.58421913327882
93292,7.904189944134078,48.40698324022346
93301,9.218499127399651,77.25933682373473
93304,9.257142857142858,72.64965986394557
93305,9.53781783070486,79.5725780495655
93306,8.291910902696365,56.60062524423603
93307,9.39093818426815,76.07377463365336
93308,7.945769298710475,52.68380144850733
93309,8.540943683409436,59.53531202435312
93311,6.179709334823924,29.974287311347123
93312,5.936885433340956,27.45872398810885
93313,8.088665710186513,48.6961262553802
93314,5.19634703196347,19.55821917808219
93401,4.631848341232227,21.51905213270142
93402,5.321037463976945,20.12564841498559
93405,3.7803468208092488,17.878612716763005
93407,10.0,100.0
93410,10.0,100.0
93420,3.3126293995859215,10.238982549541555
93422,4.775895450145208,21.28944820909971
93426,4.873853211009174,19.18692660550459
93427,6.668833983528391,35.17208495882098
93428,2.419811320754717,5.565482796892342
93430,2.665283540802213,8.4149377593361
93432,3.3398184176394294,10.67704280155642
93433,5.009340659340659,19.906043956043955
93434,8.877525252525253,57.547348484848484
93436,7.246063405416754,46.52424942263279
93437,9.407528641571195,72.81833060556465
93442,4.249379652605459,15.490074441687344
93444,4.1536340852130325,12.67844611528822
93445,7.36986301369863,41.048706240487064
93446,4.938329284245936,22.41992150999813
93449,4.424937965260546,19.612903225806452
93450,5.0,18.0
93451,6.794245858761988,34.21360069747166
93452,5.0,19.0
93453,7.445129469790382,45.11220715166461
93454,7.067007211538462,41.64573317307692
93455,5.529633620689655,26.679956896551722
93458,8.484643734643734,56.687346437346434
93460,1.7630675314765356,4.429225486455551
93461,7.648567119155355,47.59879336349925
93463,2.6513671875,8.0869140625
93465,4.498107714701601,15.473362445414848
93501,9.41841385597083,76.58705560619872
93505,8.90325717063685,68.48906174039864
93510,3.7975432211101,13.936760691537762
93512,6.0,25.666666666666668
93513,7.0,37.00098814229249
93514,6.0897565922920895,29.566430020283974
93516,9.42257217847769,83.1259842519685
93517,8.0,41.0
93518,7.796169630642955,45.05335157318741
93523,10.0,90.69195402298851
93526,7.0,38.0
93527,9.181901699586588,77.85989894350023
93531,7.014553014553014,41.528066528066525
93532,6.932673267326733,35.91485148514852
93534,9.149672346002621,72.84560943643513
93535,9.150935463527434,67.12087450073575
93536,6.955196133110244,35.37367540435025
93543,8.71529110684581,57.97376839411388
93544,8.76953642384106,58.35761589403973
93545,8.644542772861357,58.20132743362832
93546,3.8310147898667446,11.640210865426855
93550,9.10229909301835,71.34085635941784
93551,6.08379763761979,28.480722086026297
93552,8.598910081743869,53.92697547683924
93553,7.902578796561604,40.278510028653294
93555,7.739484752891693,50.04284963196635
93560,9.415254237288135,70.86271186440678
93561,6.9131536512324345,38.24832987790832
93562,9.5863539445629,84.1044776119403
93563,5.766839378238342,24.61139896373057
93591,9.635135135135135,75.90926640926641
93601,6.758359621451104,34.417034700315455
93602,7.745785569790964,42.3863789615644
93603,6.978260869565218,35.51086956521739
93604,4.083792723263506,11.611907386990078
93608,9.034136546184738,71.95582329317268
93609,7.7435064935064934,44.91103896103896
93610,8.651084010840108,56.92818428184282
93611,6.084495259341885,27.753485778025656
93612,8.856160761501851,66.59730301427815
93614,7.039744021556079,32.94408891882789
93615,9.926573426573427,82.9076923076923
93616,7.943969610636278,50.015194681861345
93618,9.347838061140182,71.81465161112641
93619,4.286113049546406,14.773551988834612
93620,9.76600566572238,76.05382436260624
93621,7.9744,40.9552
93622,9.631950989632422,85.02309142318568
93623,9.987804878048781,83.79674796747967
93625,7.820588235294117,47.21588235294118
93626,3.606060606060606,12.945663531870428
93628,5.0,22.0
93630,8.425391591096455,56.9406430338005
93631,5.504248245289989,24.817510158847433
93635,9.402717296638217,74.6157463856471
93636,6.447434819175778,29.236333052985703
93637,8.1541924592009,55.17220033764772
93638,9.042617197292554,68.3218851842567
93640,9.997510373443983,95.73941908713692
93641,7.719879518072289,46.433734939759034
93643,6.94198312236287,31.509493670886076
93644,7.066563200551819,35.3902396964994
93645,7.848,42.32
93646,9.52285050348567,76.4275755228505
93647,9.110599078341014,67.66417050691244
93648,9.727503812913065,75.86476868327402
93650,9.190751445086706,67.96660244059088
93651,6.187817258883249,27.126903553299492
93652,8.991097922848665,55.91394658753709
93653,6.0,26.912434325744307
93654,8.70046403712297,62.07563805104408
93656,8.88651102464332,62.77756160830091
93657,7.298730229449766,43.43974159055469
93660,9.874434957307885,83.1863385233551
93662,8.587201318319144,63.11233177698435
93664,2.121184919210054,6.622082585278276
93667,6.485106382978723,29.506382978723405
93668,8.96945701357466,72.98529411764706
93669,6.0,25.0
93675,7.138576779026217,38.515605493133585
93701,9.887237762237762,88.18181818181819
93702,9.90117109397315,84.9031705227078
93703,9.739952009598081,81.5119976004799
93704,7.512035010940919,43.96623944982807
93705,9.288243152972612,71.11957247828991
93706,9.049618320610687,68.44165757906215
93710,8.820284697508896,62.56868327402135
93711,5.921118951612903,30.67767137096774
93720,6.150597609561753,31.18406374501992
93721,9.633617350890782,86.75135553834237
93722,7.902384914032169,50.394342762063225
93723,5.944598337950138,26.653739612188367
93725,8.807007786429367,63.856507230255836
93726,9.10196308233226,68.56401992382068
93727,8.181561618062089,53.60827845719661
93728,9.150135869565217,73.78532608695652
93730,3.7615112160566704,12.419126328217237
93737,6.138381201044386,24.480417754569192
93901,5.647588192944564,26.627789776817856
93905,8.617657789128055,60.537759941627144
93906,7.146253385495035,39.38007824255191
93907,5.156108597285068,20.77997737556561
93908,2.608815426997245,7.460055096418733
93920,2.070339976553341,5.386869871043376
93923,1.2713987473903967,2.1315240083507305
93924,2.0110230795728556,5.695831898036514
93925,7.837486457204767,42.79739978331528
93926,5.137530777347872,18.35385156524798
93927,7.984550561797753,48.35553772070626
93930,8.040699340785325,52.503009458297505
93933,6.982660391379738,36.57245479316324
93940,4.454203851573508,28.076561766087366
93943,3.0,9.1237721021611
93950,2.4518810148731407,6.33902012248469
93953,1.0,2.007738607050731
93955,6.407383966244725,30.628902953586497
93960,8.003007518796993,49.123684210526314
94002,1.5236422588489598,3.8484193461226694
94005,2.31369798971482,4.792893875642823
94010,1.285994336745807,2.0890873448050535
94014,3.388059701492537,10.959816303099885
94015,4.783105659325342,29.083356565374967
94019,1.8562091503267975,4.844273941460642
94020,1.836627140974967,2.8155467720685112
94021,1.0480769230769231,2.048076923076923
94022,1.0,1.0
94024,1.0162284972411555,1.0785459266471924
94025,1.3488671472708549,2.822090628218332
94027,1.108910891089109,1.400990099009901
94028,1.0,1.0
94030,1.3390840652446676,3.017565872020075
94038,1.1149110807113543,3.8248974008207934
94040,3.7973245835436646,19.518425037859668
94041,2.537142857142857,9.303492063492063
94043,3.3409020217729393,14.198444790046656
94044,2.271625475285171,5.491682509505703
94060,1.9529872673849167,4.8589618021547505
94061,3.1721832163156134,16.74891340688733
94062,1.179892761394102,1.9742627345844503
94063,7.37597503900156,55.00267439269
94065,2.459005376344086,14.72513440860215
94066,4.478822105687778,17.862041145623234
94070,1.8614209004543576,3.970466749277158
94074,1.0,1.004
94080,3.181374825824431,11.757083139804923
94085,3.8375931842385516,16.962193823216186
94086,3.0582135710387486,13.57576860105512
94087,1.3327684812539715,3.058674009743698
94089,6.818886198547215,41.81694915254237
94102,6.938345473465141,58.308272632674296
94103,3.9618434093161548,23.358275520317147
94104,5.689879931389365,51.978387650085764
94105,1.1228246318607764,1.5170682730923695
94107,1.919460257221168,5.975121231288214
94108,4.6734623358673115,36.60504492052522
94109,3.553807601280802,22.950299317833775
94110,2.4193008164119743,10.048356709231735
94111,4.340577128607054,34.35767723548272
94112,2.921481008617938,8.178423236514522
94114,1.3456082924168031,2.3011456628477904
94115,5.158961134647265,43.62350340762571
94116,1.8924640135478408,4.452159187129551
94117,1.6124244090159428,4.666575041231446
94118,1.1374752148050231,2.5984798413747523
94121,1.713616594178655,3.4653730344596854
94122,1.555253869128428,3.5650285093673637
94123,1.048731257208766,1.3742791234140714
94124,5.149421375085092,21.49795779441797
94127,1.027262180974478,1.8509280742459397
94128,3.0,8.0
94129,1.0,1.0
94130,9.604651162790697,91.0594315245478
94131,2.088760981520751,4.578006664647076
94132,4.833891493636973,36.70160750167448
94133,4.443530834340992,32.97992744860943
94134,3.7115749525616697,12.8
94143,2.5526315789473686,13.447368421052632
94158,2.930708661417323,6.815748031496063
94188,7.0,37.0
94301,1.0,1.3623743417903302
94303,4.534002229654403,26.17670011148272
94304,1.0649038461538463,2.3197115384615383
94305,8.4969450101833,80.15071283095723
94306,1.0539832285115305,1.77437106918239
94401,3.282393669634026,9.34297725024728
94402,1.4885117493472584,3.039425587467363
94403,1.6271912738605376,4.185430463576159
94404,2.955981941309255,12.493002257336343
94501,3.373246664385905,11.959288402326377
94502,1.8821428571428571,5.3428571428571425
94503,4.440691280439906,16.784760408483898
94505,4.146085997794929,13.245865490628445
94506,1.0,1.5516074450084603
94507,1.0,1.0647816750178956
94508,2.9533169533169534,6.932841932841933
94509,7.791356783919598,48.009447236180904
94510,3.7198480531813867,12.975546058879392
94512,8.0,39.0
94513,5.326530612244898,22.445269016697587
94514,3.912948857453754,15.589771490750817
94515,6.173711100789596,46.62052949372968
94517,2.1308165057067603,4.573748902546093
94518,5.2944655682298265,29.915082382762993
94519,4.987412587412587,20.115384615384617
94520,8.270501011008761,60.500561671534484
94521,4.967717904147007,20.76856220511547
94523,3.854427445526194,14.076031525266574
94525,4.569684638860631,16.46490335707019
94526,1.5065138092756645,2.9268716345318744
94530,4.109130094043887,14.984913793103448
94531,6.80569441425777,34.09171919148012
94533,8.026433230346722,52.146412633024376
94534,4.507042253521127,17.23860811930406
94535,9.98688319800125,95.99937539038102
94536,3.438679245283019,12.287342767295597
94538,3.695143884892086,15.020008992805755
94539,1.3063913470993116,2.3876106194690268
94541,5.871668533034715,25.280179171332588
94542,3.142121524201854,9.814624098867148
94544,6.42123083051185,33.10615415255925
94545,5.027994492886645,21.221202386415786
94546,4.5364499373096905,19.01647859573706
94547,4.9604233778186835,20.208927749654855
94549,1.2357234864748818,2.526620867325032
94550,2.8938175132153527,9.185244771316938
94551,3.582459818308875,12.13172606568833
94552,2.0398517145505095,4.101019462465246
94553,5.755144750610394,25.239623299616323
94555,2.7913793103448277,8.64655172413793
94556,1.2670850767085076,2.51534170153417
94558,4.350802552697737,18.30458325275575
94559,4.321458863443596,15.139949109414758
94560,3.83701714521793,13.159264614749018
94561,7.050809464508094,38.470485678704854
94563,1.011228308948622,1.114664851990473
94564,5.032924961715161,18.616003062787136
94565,7.910107334525939,48.126714370900416
94566,1.8513485260296885,4.097846539828559
94567,5.344262295081967,21.557377049180328
94568,2.6370600909743835,7.959540339956907
94571,7.364300626304802,40.20093945720251
94572,6.047583643122676,24.650557620817843
94574,1.3743182944967773,3.002974714923153
94575,1.0,1.0
94576,1.88909426987061,4.2181146025878
94577,5.583948339483395,25.80350553505535
94578,6.945544554455446,45.17271727172717
94579,4.946440677966102,20.105762711864408
94580,5.530759951749095,21.738640932850824
94582,1.6313052522100884,3.2288091523660944
94583,1.932283232739585,4.346680406300604
94585,7.208636169303121,34.526720820863616
94586,1.9258777633289987,3.777633289986996
94587,4.337786259541985,15.959605597964376
94588,2.0634569267662792,5.307323372071574
94589,8.026423957721669,48.38226658837346
94590,8.315254237288135,54.1264667535854
94591,7.065498539841468,38.90926157697121
94592,6.383966244725738,35.607594936708864
94595,4.342255266418835,18.663444857496902
94596,4.473055028462998,18.274952561669828
94597,3.1733687405159334,9.06638846737481
94598,1.3845037198330612,3.3641807294501906
94599,5.757628596338273,29.48270851496658
94601,7.247032474804032,40.49585666293393
94602,3.5951459725641928,12.7157931762223
94603,7.978350990327038,49.150621833256565
94605,6.638791593695271,36.51422942206655
94606,6.849206349206349,37.967120181405896
94607,6.1015141087405365,29.57673778389539
94608,5.4524271844660195,23.674757281553397
94609,4.566101694915254,18.016949152542374
94610,5.031898282400179,24.392148115101495
94611,4.02995892727712,24.282435370862526
94612,6.572463768115942,46.383720930232556
94615,5.0,17.0
94617,5.0,17.0
94618,1.2155782848151062,1.9339103068450039
94619,4.7043478260869565,18.163327032136106
94621,8.593913955928647,58.66474291710388
94702,3.1399317406143346,9.513651877133105
94703,3.1119644300727565,9.311236863379143
94704,8.705552725420276,79.56724401426388
94705,1.4968239564428312,3.2867513611615244
94706,3.4123287671232876,16.649771689497715
94707,1.0450199203187251,1.5450199203187251
94708,1.0,1.8102189781021898
94709,2.2628930817610065,6.70062893081761
94710,3.6120906801007555,13.649034424853065
94801,7.687856203419553,52.790442788250765
94803,5.069429494079656,20.22174381054898
94804,7.217428817946506,43.04630428530342
94805,6.544609665427509,31.45167286245353
94806,8.031591263650546,55.64333073322933
94850,10.0,99.0
94901,4.275845410628019,26.756038647342994
94903,2.7329981476581104,8.125959248478434
94904,2.487554904831625,7.31918008784773
94920,1.0,1.2173222089789433
94922,2.0,5.985
94923,2.147482014388489,6.488009592326139
94924,2.0,3.998456790123457
94925,1.3686868686868687,3.6676767676767676
94928,6.455340412242348,35.81355402873204
94930,1.9359477124183007,4.084967320261438
94931,5.376119402985075,23.52686567164179
94937,1.1910714285714286,2.2089285714285714
94939,2.18974358974359,6.727179487179487
94940,1.0,2.0
94941,1.1417998815867376,1.9641799881586737
94945,3.6252319109461966,15.0556586270872
94946,1.0,1.0055248618784531
94947,3.1060767590618337,10.522388059701493
94949,3.2914285714285714,11.282285714285715
94951,2.0622950819672132,6.224262295081967
94952,2.9455696202531647,9.140253164556961
94954,3.929257362355954,17.024007682458386
94956,1.9878980891719744,4.946496815286624
94960,1.2893217893217894,2.336219336219336
94965,2.4219101123595506,7.620786516853933
94970,1.0009661835748793,2.0019323671497586
94972,2.0,3.0
94974,6.0,24.0
94999,2.0,5.0
95003,2.3935458480913026,6.57418339236521
95004,4.092050209205021,12.564853556485355
95005,3.011634349030471,7.232686980609419
95006,3.8819345661450924,13.458605974395448
95008,3.033824804856895,9.638334778837814
95010,2.788704128440367,7.643922018348624
95012,7.5064935064935066,36.922077922077925
95014,1.175552402189337,1.848570849381715
95017,2.0,5.0
95018,3.105826906598115,8.75235646958012
95019,7.8307174887892375,45.25896860986547
95020,4.126926563916591,17.305303717135086
95023,5.5119369923701695,24.22520305193207
95030,1.0,1.0357548240635641
95032,1.2282518641259321,2.248550124275062
95033,1.3713207547169812,2.798490566037736
95035,3.422573474932082,11.941220054334403
95037,2.7169230769230768,9.018934911242603
95039,6.05377358490566,24.493396226415094
95043,5.246753246753247,20.233766233766232
95045,6.300760043431053,32.13409337676438
95046,2.0629958002799813,4.081661222585161
95050,3.087220535467844,9.102953353574385
95051,2.873990306946688,9.734594968843757
95054,2.753853564547206,8.346339113680154
95060,3.313081081081081,16.682378378378377
95062,3.5508642674978748,13.636724284499858
95064,4.222021660649819,17.064079422382672
95065,2.171462829736211,5.413669064748201
95066,1.9664429530201342,4.785845027455766
95070,1.0131999148392592,1.065147966787311
95073,2.4662329615861216,8.46096654275093
95075,3.0217785843920146,7.123411978221416
95076,5.064485805602557,23.82289904117315
95101,2.0,4.0
95110,4.69295101553166,20.718637992831543
95111,6.1294551413355185,32.55182302335108
95112,5.553674936239276,34.1010897287271
95113,3.498792270531401,12.56400966183575
95116,6.561091854419411,31.54679376083189
95117,4.217887725975261,21.863939105613703
95118,2.9315068493150687,9.10958904109589
95119,3.1518026565464896,8.140417457305503
95120,1.0926377376889322,1.794734275962945
95121,4.371700879765396,17.927419354838708
95122,6.019343229869546,29.6221322537112
95123,4.197418597829276,16.044294514520388
95124,1.9612042209807572,4.472998137802607
95125,2.6812881732370903,12.18434203220433
95126,3.699682763482552,16.567853366231937
95127,4.395273899033297,16.351235230934478
95128,2.9794890248290753,9.520690896005757
95129,2.9609142100033123,15.329248095395826
95130,1.994019138755981,4.3971291866028706
95131,3.3440315315315314,11.3125
95132,2.822608695652174,8.054492753623189
95133,4.7599734042553195,19.87898936170213
95134,4.768810679611651,24.782160194174757
95135,1.7214137214137215,4.3108108108108105
95136,4.9827731092436975,25.544957983193278
95138,2.4833524684270953,7.244546498277842
95139,2.8222222222222224,8.074074074074074
95140,2.954887218045113,10.18796992481203
95141,1.9375,2.9375
95148,2.789372599231754,8.007042253521126
95202,9.556529360210341,84.09991235758108
95203,9.250316856780735,72.1977186311787
95204,8.22291725902758,56.33636622121126
95205,9.675324675324676,81.26743626743627
95206,9.317230632235084,72.85106856634016
95207,8.700462962962963,63.10648148148148
95209,7.515218350242612,40.751213056903396
95210,9.291827128797603,71.5862216516902
95212,6.801574803149606,34.539370078740156
95215,7.552454282964389,53.27478344562079
95219,6.198123620309051,32.459713024282564
95220,4.993328885923949,18.458305537024682
95222,6.526162790697675,28.95251937984496
95223,6.998362445414847,35.59688864628821
95228,6.0,29.0
95230,4.289897510980967,13.850658857979502
95231,8.91090047393365,71.85876777251185
95232,8.0,52.0
95236,4.847376788553259,18.204557498675147
95237,7.859311740890688,45.60121457489878
95240,7.804990757855823,50.06030499075786
95242,6.111891180342256,28.74023694602896
95245,6.368715083798882,27.162011173184357
95246,8.196697774587221,46.336683417085425
95247,7.780778894472362,38.27072864321608
95249,8.155108740254411,47.68567911366434
95251,6.0,25.0
95252,6.204859028194361,28.553989202159567
95255,9.0,56.16656384947563
95257,9.130864197530864,62.434567901234566
95258,4.3070732740364255,15.653536637018213
95301,8.624449339207048,63.434361233480175
95303,7.069767441860465,31.030232558139534
95304,5.158701532912533,27.443642921550946
95306,6.018691588785047,25.205607476635514
95307,8.893389830508475,66.77406779661017
95310,7.970258922323303,51.42127361791463
95311,7.273846153846153,35.395384615384614
95313,6.847769028871391,34.41338582677165
95315,8.349503214494447,51.0187025131502
95316,6.512627619559376,29.829661472326706
95317,7.851851851851852,38.888888888888886
95320,6.54144527098831,30.9952178533475
95321,7.708491076257436,38.41211465657112
95322,8.685772083614296,66.4086311530681
95323,4.7941680960548885,16.57975986277873
95324,8.08718487394958,46.83403361344538
95325,6.996610169491525,29.983050847457626
95326,8.454791344667697,56.12055641421947
95327,7.635567402894136,42.38271134805788
95328,9.0,73.92395437262357
95329,6.2269326683291775,27.947630922693268
95330,8.547626841243863,50.45597381342062
95333,8.59228650137741,65.55096418732782
95334,8.876309226932669,62.688778054862844
95335,7.0,32.0
95336,7.706224066390042,44.642600276625174
95337,6.841221374045801,36.14045801526718
95338,7.742085661080075,47.88454376163873
95340,8.237561115904516,54.10037388553351
95341,9.43980343980344,76.47837837837838
95343,6.0,26.0
95345,7.814754098360655,39.88852459016393
95346,6.002283105022831,24.022831050228312
95348,8.55126608551266,61.95641344956413
95350,8.396689270043877,57.1094934184284
95351,9.35876959479444,74.11771665187814
95354,8.954545454545455,70.91441761363636
95355,7.554871092858773,43.05224731918777
95356,6.721351445489376,35.92232671543017
95357,6.012122416534181,27.254769475357712
95358,7.621455415100786,50.6938845234028
95360,8.891628145865434,67.38572162300976
95361,7.351149118118653,40.354534117227864
95363,8.30814332247557,50.58599348534202
95364,7.0,32.0
95365,9.87656171914043,85.27536231884058
95366,5.7022674991784426,28.125205389418337
95367,8.439376218323586,60.00038986354776
95368,8.874282733437663,62.73656755346896
95369,7.015873015873016,29.177777777777777
95370,6.9735051397133345,32.283335746344285
95372,6.997873848334515,28.99078667611623
95374,6.9698681732580035,34.7834274952919
95376,7.312817768263312,40.212469895638215
95377,5.144896502498216,20.22127052105639
95379,7.879005059021923,43.32335581787521
95380,8.293990384615384,55.770673076923075
95382,7.287961476725521,36.94574638844302
95383,6.73289269051322,28.707231726283048
95385,7.932330827067669,43.65413533834587
95386,9.392764857881136,67.56750645994832
95388,9.083173384516954,67.70761356365963
95389,4.0588235294117645,14.686274509803921
95391,3.912037037037037,13.739197530864198
95401,6.00684505289359,30.73895457373989
95403,5.868446368446368,32.651274651274655
95404,4.262254901960785,17.370710784313726
95405,4.766117304895783,17.883422200678623
95407,6.891555936562366,35.48949849978568
95409,4.45125786163522,19.90487421383648
95410,5.0,18.0
95412,2.9740259740259742,7.896103896103896
95415,2.110803324099723,6.554016620498615
95417,7.078260869565217,31.678260869565218
95420,6.11214953271028,27.037383177570092
95421,5.468367346938775,19.62142857142857
95422,9.208276020174232,63.603392939018796
95423,8.07074933434766,48.75542031190567
95425,6.373095503530286,27.46191007060572
95427,3.9943181818181817,10.982954545454545
95428,8.62550881953867,54.48575305291723
95429,6.351851851851852,28.055555555555557
95432,4.960280373831775,17.77803738317757
95436,6.054896794027229,25.20816864295125
95437,6.173880030372057,27.50094912680334
95439,9.247295208655332,69.24265842349304
95441,2.785564120532586,7.420462508759636
95442,2.533116619260463,6.573344169036977
95443,9.013736263736265,66.1510989010989
95444,3.9207100591715975,14.524260355029586
95445,5.97679726131609,21.93305439330544
95446,5.746585735963581,26.269853313100658
95448,4.457942017149857,15.402409146590445
95449,3.8887640449438203,14.221348314606741
95450,5.058608058608058,17.75824175824176
95451,8.16370749322901,56.47095997592537
95452,3.5161082474226806,10.096649484536082
95453,7.867002629272568,45.96713409290096
95454,8.880992430613961,52.85071488645921
95456,4.956521739130435,17.782608695652176
95457,7.190671031096563,33.925122749590834
95458,9.235128617363344,69.34043408360128
95459,5.0,20.0
95460,3.546090534979424,9.857201646090536
95461,5.394747157977264,21.383379067032536
95462,6.170756646216769,28.226993865030675
95463,3.0654205607476634,8.19626168224299
95464,9.0,73.59905474596297
95465,2.033333333333333,4.163522012578617
95466,2.407979407979408,7.028314028314028
95467,7.869942196531792,39.209537572254334
95468,5.006381039197812,20.012762078395625
95469,4.464509394572025,14.610647181628392
95470,4.9987154784842645,20.014771997430955
95472,2.683647478349465,7.365002547121753
95476,3.324608951525476,15.206442620411956
95482,7.121550121550121,40.65465465465466
95485,8.355809753160747,49.85671282360024
95488,4.994791666666667,21.947916666666668
95490,7.549597286986011,42.81623569309029
95492,4.898580121703854,23.246562993013296
95493,7.096774193548387,31.403225806451612
95494,2.806153846153846,7.809230769230769
95501,7.34617202268431,38.16233459357278
95503,6.444237340789065,31.804908356632495
95511,7.002237136465324,36.006711409395976
95514,7.0,35.92227979274612
95519,6.028232274623035,26.736605710619184
95521,6.134504695546804,31.76522265980006
95524,4.248576850094877,12.554079696394687
95525,5.715095676824947,23.721474131821402
95526,7.123552123552123,33.74131274131274
95527,7.0,36.0
95528,7.0,32.10275689223057
95531,8.564979480164158,52.186241938635916
95536,5.695913461538462,24.213942307692307
95540,6.96814044213264,33.59037711313394
95542,4.272980501392758,16.80594243268338
95543,9.0,69.0
95546,8.99635922330097,72.05946601941747
95547,6.000963391136802,23.007707129094413
95548,9.0,75.0
95549,4.843971631205674,16.27659574468085
95550,4.584,15.088
95551,6.9603624009060026,33.72480181200453
95552,7.0,31.0
95554,7.223776223776224,33.83916083916084
95555,5.0,19.0
95558,6.0,23.0188679245283
95560,7.944782939832445,42.61271896420411
95562,8.535004321521175,47.54624027657736
95564,8.0,47.0
95565,7.0,31.996531791907515
95567,7.748757984386089,42.48757984386089
95568,8.927272727272728,70.14545454545454
95569,7.0,33.38493723849373
95570,4.60964666292765,17.227145260796412
95573,7.49080348499516,39.60745401742498
95585,4.012024048096192,11.076152304609218
95587,4.065727699530516,11.72300469483568
95589,5.962413452027695,27.774480712166174
95595,8.0,39.0
95602,5.361452513966481,26.714525139664804
95603,5.858830845771144,25.865982587064675
95605,8.416258570029383,61.735063663075415
95606,3.8054298642533935,14.44343891402715
95607,3.683333333333333,13.466666666666667
95608,5.8281000532197975,27.239311690615576
95610,7.6974889217134415,47.330871491875925
95612,4.0,13.99501246882793
95614,4.931868131868132,19.31208791208791
95615,5.980230642504119,22.96540362438221
95616,4.788182593856655,28.498293515358363
95618,2.7123217922606924,7.95061099796334
95619,8.307069448769854,53.121457489878544
95620,5.991216396060687,23.83896726111259
95621,8.094625631603124,49.211070280202115
95623,4.36084799278304,18.294993234100136
95624,5.831629392971246,26.91437699680511
95626,7.838555496548062,40.7684545937334
95627,6.851694915254237,35.69152542372881
95628,5.016801493466086,18.86963285625389
95629,7.281452658884565,35.78988326848249
95630,4.7162512462612165,20.994416749750748
95631,6.742337164750958,29.864942528735632
95632,8.188639916623242,55.54090672225117
95633,6.681229773462783,29.73139158576052
95634,6.080602302922941,23.938441098317096
95635,6.987823439878234,31.926940639269407
95636,8.0,49.0
95637,3.646090534979424,13.168724279835391
95638,4.916776750330251,17.793923381770146
95640,6.826291079812207,33.997809076682316
95641,7.948,40.6568
95642,6.030701754385965,25.117481203007518
95645,8.66044776119403,55.18376865671642
95648,6.59066759066759,34.635712635712636
95650,4.870407868093723,19.440844663002604
95651,4.044171779141104,13.279754601226994
95652,9.982758620689655,97.5603448275862
95655,6.63,28.3
95658,5.096203848153926,23.167446697867916
95659,6.769230769230769,31.5
95660,9.03865280289331,67.21112115732369
95661,6.5297225891677675,41.69035667107001
95662,5.8443139813002825,26.42944118286584
95663,3.042024013722127,10.158662092624358
95664,4.011152416356877,11.078066914498141
95665,6.833497053045186,33.480353634577604
95666,6.97120315581854,30.932149901380672
95667,6.417354196301565,30.159174964438122
95668,5.009478672985782,20.14218009478673
95669,7.722395023328149,38.106531881804045
95670,7.007604562737643,42.98265209125475
95672,4.538834951456311,16.489077669902912
95673,7.916225165562914,47.57549668874172
95674,5.106122448979592,20.68979591836735
95677,7.165907207953604,38.11806130903066
95678,7.029682114132516,37.17943316736883
95681,5.148464163822526,18.752559726962456
95682,3.90973630831643,13.231643002028397
95683,4.555401662049862,15.5
95684,6.102706453851492,26.61970853573907
95685,5.974398165838747,24.521589606419564
95687,6.558388416745357,35.049102927289894
95688,5.216426625145971,25.032308291163876
95689,6.552631578947368,29.22846889952153
95690,5.460219478737997,20.729766803840878
95691,8.217250571210966,57.63975628332064
95692,8.610301768990634,58.04318418314256
95693,3.9901112484548826,13.870828182941903
95694,5.399136335595312,23.169648365206662
95695,6.539871382636656,31.759807073954985
95703,3.9754098360655736,15.824795081967213
95709,5.604485776805252,22.038840262582056
95713,7.8582826747720365,48.005699088145896
95720,3.0,10.0
95722,4.963874345549738,19.289528795811517
95726,8.771331058020477,61.25051194539249
95735,4.751111111111111,15.253333333333334
95742,4.391600454029512,16.510783200908058
95746,2.520281595709018,6.759973181361046
95747,4.3976083707025415,16.353263577478824
95757,5.200379266750948,19.711125158027812
95758,6.564858165794547,30.941063068025336
95762,2.908941485864563,7.881328073635766
95765,4.60569319978914,16.734844491302056
95776,7.030702702702703,36.375567567567565
95811,7.634146341463414,53.00162601626016
95814,7.4337069965210665,45.315036722071895
95815,9.304411228581845,77.12139992708713
95816,4.505014832603475,18.95211188020907
95817,8.23719165085389,57.27767235926629
95818,5.442591710338256,27.034540257265366
95819,4.484349919743178,17.800361155698234
95820,8.785587714116952,63.62522150029533
95821,8.148234123694246,47.852760736196316
95822,7.24813153961136,41.562219730941706
95823,9.148098859315589,70.38536121673003
95824,9.766729059429107,79.65933551708002
95825,8.297045101088647,58.071798859512704
95826,8.0549662487946,56.126647380263584
95827,7.901020604660119,46.93067590987868
95828,8.71504802561366,59.83697972251868
95829,7.735926908340701,48.84792219274978
95830,3.515151515151515,13.454545454545455
95831,5.425696167631651,23.74110835401158
95832,9.075949367088608,65.457805907173
95833,8.3584036838066,55.66423637759018
95834,8.803627926597764,70.51571398439148
95835,6.072948328267477,28.98860182370821
95836,5.0,19.0
95837,5.173913043478261,19.930434782608696
95838,9.347102526002972,73.96909361069837
95841,9.381313131313131,74.22245179063361
95842,8.888473852721452,61.70651013874066
95843,7.2999116607773855,37.38339222614841
95864,3.8239234449760766,16.27177033492823
95901,8.910045402951193,67.9594211123723
95903,10.0,95.44556113902847
95910,7.0,36.0
95912,7.267152398299939,42.77109896782028
95914,8.992,53.912
95916,9.448434622467772,73.29373848987109
95917,8.555710306406684,52.69428969359331
95918,5.059278350515464,19.49914089347079
95919,8.045647558386412,49.246284501061574
95920,5.0,20.0
95922,8.954659949622167,54.56423173803527
95923,3.0,10.0
95925,9.0,56.94701986754967
95926,7.286883082607548,46.27711797307997
95928,7.474493531852575,47.192579936538934
95930,8.99056603773585,58.899371069182386
95932,9.2959587955626,79.21592709984152
95934,9.0,74.0
95935,8.666666666666666,52.99312714776632
95938,4.155339805825243,14.240898058252426
95939,8.002079002079002,39.02910602910603
95941,9.0,58.968911917098445
95942,5.990494296577947,28.923954372623573
95943,6.05531914893617,26.229787234042554
95945,6.173821252638986,29.678817733990147
95946,6.244541484716157,27.593214645616392
95947,8.830899308224442,63.71560338201384
95948,8.179547228727557,52.61826697892272
95949,5.263640999490056,22.75879653238144
95953,8.742286751361162,63.28493647912886
95954,8.93078937523382,55.42611298166854
95957,7.038288288288288,30.554054054054053
95959,3.9985829003306566,14.461502125649504
95960,6.063403781979978,26.630700778642936
95961,9.359815950920245,69.35736196319019
95962,6.996683250414594,32.97678275290215
95963,7.486157253599114,42.19712070874861
95965,8.999397227245328,68.24613220815752
95966,8.395192724122998,58.777825898657426
95968,8.983660130718954,73.70588235294117
95969,7.970521541950113,48.441326530612244
95970,7.858108108108108,48.58108108108108
95971,7.43057536852116,43.268426058012366
95972,8.0,49.0
95973,6.665546218487395,36.18016806722689
95975,6.0,22.035371399696817
95977,6.917710196779964,33.32379248658319
95979,8.98473282442748,52.89058524173028
95981,8.907216494845361,54.134020618556704
95982,7.688946015424165,44.645244215938305
95983,8.787114845938376,69.84873949579831
95987,8.823073194377121,60.15656810470189
95988,7.841318681318682,45.31164835164835
95991,8.812901342673673,61.704319906596616
95993,6.818250950570342,34.05855513307985
96001,7.5153653539722285,45.19781470521284
96002,8.027777777777779,49.033893985728845
96003,7.748626633832165,47.269179768895626
96006,8.0,50.0
96007,8.580549199084668,52.84233409610984
96008,5.579617834394904,27.73673036093418
96010,7.0,36.0
96013,8.926193921852388,70.97742402315485
96014,8.0,42.0
96015,9.0,68.0
96016,7.042635658914729,37.5968992248062
96017,9.0,55.0
96019,8.876665527844208,58.46532285616672
96020,7.897831526271894,49.18265221017515
96021,8.25494559841741,52.68422354104847
96022,8.318221195495235,56.7912214842622
96023,10.0,77.0
96024,7.0,29.0
96025,8.895681063122924,55.80996677740864
96027,8.821180555555555,64.99305555555556
96028,8.930263157894737,53.42697368421052
96029,8.48360655737705,56.77049180327869
96031,8.0,42.0
96032,7.988857938718663,41.943593314763234
96033,8.0,46.0
96034,7.976744186046512,47.151162790697676
96035,8.742294520547945,65.67208904109589
96038,7.985835694050992,48.773371104815865
96039,9.003189792663477,52.10845295055822
96040,7.665137614678899,46.31192660550459
96041,7.0,36.00162249864792
96044,9.0,57.733247422680414
96047,4.447876447876448,15.036679536679536
96048,7.0,36.0
96050,8.763546798029557,50.31773399014779
96051,6.73202614379085,30.062745098039215
96052,6.879194630872483,31.335570469798657
96055,9.653280542986426,71.15837104072398
96056,8.423357664233576,48.74244004171012
96057,8.0,47.0
96058,9.90893760539629,75.64586846543001
96059,8.88821752265861,61.54078549848943
96061,9.0,61.67741935483871
96062,6.0,27.866913123844732
96064,8.901501501501501,56.12732732732733
96065,8.0,50.0
96067,7.86522462562396,47.91580698835275
96069,7.709601873536299,46.8056206088993
96071,7.969387755102041,50.57142857142857
96073,5.125485841199334,19.342032204330927
96075,8.98860398860399,63.87749287749288
96076,7.884848484848485,39.8969696969697
96080,8.553942290020217,54.001470317956255
96085,8.916666666666666,69.5
96086,9.0,52.0
96088,7.681502086230876,40.86300417246175
96091,7.888495575221239,48.88495575221239
96094,8.528251121076233,53.12735426008969
96096,6.049140049140049,28.307125307125308
96097,8.812693935119887,64.85669957686883
96101,8.856231003039513,63.57933130699088
96103,4.005877413937867,13.039882451721242
96104,8.997071742313324,53.98535871156662
96105,7.995661605206074,42.95227765726681
96107,3.5257425742574258,13.242574257425742
96108,9.0,68.0
96109,8.977715877437326,56.844011142061284
96112,8.0,49.0
96114,6.942631058358061,32.17408506429278
96115,8.0,49.0
96117,6.0,28.0
96118,8.53899480069324,48.172443674176776
96120,5.680794701986755,21.042384105960267
96121,7.964221824686941,49.55277280858676
96122,8.938984069732491,54.83859332732191
96123,9.0,63.0
96124,5.05,16.59375
96125,5.597979797979798,21.97979797979798
96128,6.005376344086022,28.053763440860216
96129,8.0,43.0
96130,7.839209608678806,41.15381635025184
96132,9.0,63.0
96133,2.0,5.0
96134,9.637630662020905,72.92639372822299
96136,6.785714285714286,36.642857142857146
96137,8.905829596412556,64.02645739910314
96146,2.001577287066246,5.007886435331231
96150,5.927314620863008,30.849811478843737
96161,3.6322838345864663,11.75093984962406
97635,5.0,35.0
