xYear,State,County,Age_Group,rundatetime,PatCount_Opioid,Population,,
2015,CA,Alameda,15-24 yrs,01APR2018:11:21:17,24853,"1,515,717",,
2015,CA,Alpine,15-24 yrs,01APR2018:11:21:17,16,"1,115",,
2015,CA,Amador,15-24 yrs,01APR2018:11:21:17,726,"38,211",,
2015,CA,Butte,15-24 yrs,01APR2018:11:21:17,5971,"220,287",,
2015,CA,Calaveras,15-24 yrs,01APR2018:11:21:17,921,"45,570",,
2015,CA,Colusa,15-24 yrs,01APR2018:11:21:17,518,"21,608",,
2015,CA,Contra Costa,15-24 yrs,01APR2018:11:21:17,20480,"1,043,451",,
2015,CA,Del Norte,15-24 yrs,01APR2018:11:21:17,604,"28,596",,
2015,CA,El Dorado,15-24 yrs,01APR2018:11:21:17,4168,"180,987",,
2015,CA,Fresno,15-24 yrs,01APR2018:11:21:17,21069,"935,100",,
2015,CA,Glenn,15-24 yrs,01APR2018:11:21:17,661,"28,708",,
2015,CA,Humboldt,15-24 yrs,01APR2018:11:21:17,3132,"134,681",,
2015,CA,Imperial,15-24 yrs,01APR2018:11:21:17,3258,"170,552",,
2015,CA,Inyo,15-24 yrs,01APR2018:11:21:17,305,"19,497",,
2015,CA,Kern,15-24 yrs,01APR2018:11:21:17,20087,"841,588",,
2015,CA,Kings,15-24 yrs,01APR2018:11:21:17,3126,"151,702",,
2015,CA,Lake,15-24 yrs,01APR2018:11:21:17,1847,"64,599",,
2015,CA,Lassen,15-24 yrs,01APR2018:11:21:17,774,"37,144",,
2015,CA,Los Angeles,15-24 yrs,01APR2018:11:21:17,137588,"9,811,939",,
2015,CA,Madera,15-24 yrs,01APR2018:11:21:17,3272,"150,446",,
2015,CA,Marin,15-24 yrs,01APR2018:11:21:17,3765,"251,685",,
2015,CA,Mariposa,15-24 yrs,01APR2018:11:21:17,294,"16,900",,
2015,CA,Mendocino,15-24 yrs,01APR2018:11:21:17,2247,"87,595",,
2015,CA,Merced,15-24 yrs,01APR2018:11:21:17,6429,"254,483",,
2015,CA,Modoc,15-24 yrs,01APR2018:11:21:17,110,"8,506",,
2015,CA,Mono,15-24 yrs,01APR2018:11:21:17,324,"12,975",,
2015,CA,Monterey,15-24 yrs,01APR2018:11:21:17,7859,"402,842",,
2015,CA,Napa,15-24 yrs,01APR2018:11:21:17,2623,"137,050",,
2015,CA,Nevada,15-24 yrs,01APR2018:11:21:17,1579,"95,997",,
2015,CA,Orange,15-24 yrs,01APR2018:11:21:17,50036,"3,016,237",,
2015,CA,Placer,15-24 yrs,01APR2018:11:21:17,7439,"351,384",,
2015,CA,Plumas,15-24 yrs,01APR2018:11:21:17,333,"18,613",,
2015,CA,Riverside,15-24 yrs,01APR2018:11:21:17,44112,"2,191,564",,
2015,CA,Sacramento,15-24 yrs,01APR2018:11:21:17,31404,"1,420,705",,
2015,CA,San Benito,15-24 yrs,01APR2018:11:21:17,1425,"53,857",,
2015,CA,San Bernardino,15-24 yrs,01APR2018:11:21:17,44115,"2,032,042",,
2015,CA,San Diego,15-24 yrs,01APR2018:11:21:17,53547,"3,091,958",,
2015,CA,San Francisco,15-24 yrs,01APR2018:11:21:17,8929,"805,232",,
2015,CA,San Joaquin,15-24 yrs,01APR2018:11:21:17,17163,"684,518",,
2015,CA,San Luis Obispo,15-24 yrs,01APR2018:11:21:17,5184,"269,227",,
2015,CA,San Mateo,15-24 yrs,01APR2018:11:21:17,9826,"690,399",,
2015,CA,Santa Barbara,15-24 yrs,01APR2018:11:21:17,8453,"424,106",,
2015,CA,Santa Clara,15-24 yrs,01APR2018:11:21:17,27268,"1,805,212",,
2015,CA,Santa Cruz,15-24 yrs,01APR2018:11:21:17,5891,"280,225",,
2015,CA,Shasta,15-24 yrs,01APR2018:11:21:17,4220,"184,231",,
2015,CA,Sierra,15-24 yrs,01APR2018:11:21:17,26,"2,910",,
2015,CA,Siskiyou,15-24 yrs,01APR2018:11:21:17,845,"46,055",,
2015,CA,Solano,15-24 yrs,01APR2018:11:21:17,8728,"412,119",,
2015,CA,Sonoma,15-24 yrs,01APR2018:11:21:17,9292,"484,213",,
2015,CA,Stanislaus,15-24 yrs,01APR2018:11:21:17,14367,"518,345",,
2015,CA,Sutter,15-24 yrs,01APR2018:11:21:17,2272,"93,812",,
2015,CA,Tehama,15-24 yrs,01APR2018:11:21:17,1357,"54,639",,
2015,CA,Trinity,15-24 yrs,01APR2018:11:21:17,230,"13,701",,
2015,CA,Tulare,15-24 yrs,01APR2018:11:21:17,10093,"438,352",,
2015,CA,Tuolumne,15-24 yrs,01APR2018:11:21:17,1247,"54,242",,
2015,CA,Ventura,15-24 yrs,01APR2018:11:21:17,15955,"827,963",,
2015,CA,Yolo,15-24 yrs,01APR2018:11:21:17,4423,"202,753",,
2015,CA,Yuba,15-24 yrs,01APR2018:11:21:17,1840,"71,319",,
2015,CA,Alameda,25-44 yrs,01APR2018:11:21:17,83897,"1,515,717",,
2015,CA,Alpine,25-44 yrs,01APR2018:11:21:17,27,"1,115",,
2015,CA,Amador,25-44 yrs,01APR2018:11:21:17,2233,"38,211",,
2015,CA,Butte,25-44 yrs,01APR2018:11:21:17,17882,"220,287",,
2015,CA,Calaveras,25-44 yrs,01APR2018:11:21:17,2885,"45,570",,
2015,CA,Colusa,25-44 yrs,01APR2018:11:21:17,1403,"21,608",,
2015,CA,Contra Costa,25-44 yrs,01APR2018:11:21:17,60648,"1,043,451",,
2015,CA,Del Norte,25-44 yrs,01APR2018:11:21:17,2200,"28,596",,
2015,CA,El Dorado,25-44 yrs,01APR2018:11:21:17,11069,"180,987",,
2015,CA,Fresno,25-44 yrs,01APR2018:11:21:17,60632,"935,100",,
2015,CA,Glenn,25-44 yrs,01APR2018:11:21:17,1912,"28,708",,
2015,CA,Humboldt,25-44 yrs,01APR2018:11:21:17,10388,"134,681",,
2015,CA,Imperial,25-44 yrs,01APR2018:11:21:17,9370,"170,552",,
2015,CA,Inyo,25-44 yrs,01APR2018:11:21:17,902,"19,497",,
2015,CA,Kern,25-44 yrs,01APR2018:11:21:17,57886,"841,588",,
2015,CA,Kings,25-44 yrs,01APR2018:11:21:17,9249,"151,702",,
2015,CA,Lake,25-44 yrs,01APR2018:11:21:17,5724,"64,599",,
2015,CA,Lassen,25-44 yrs,01APR2018:11:21:17,2217,"37,144",,
2015,CA,Los Angeles,25-44 yrs,01APR2018:11:21:17,444985,"9,811,939",,
2015,CA,Madera,25-44 yrs,01APR2018:11:21:17,9098,"150,446",,
2015,CA,Marin,25-44 yrs,01APR2018:11:21:17,9898,"251,685",,
2015,CA,Mariposa,25-44 yrs,01APR2018:11:21:17,898,"16,900",,
2015,CA,Mendocino,25-44 yrs,01APR2018:11:21:17,7119,"87,595",,
2015,CA,Merced,25-44 yrs,01APR2018:11:21:17,18278,"254,483",,
2015,CA,Modoc,25-44 yrs,01APR2018:11:21:17,376,"8,506",,
2015,CA,Mono,25-44 yrs,01APR2018:11:21:17,857,"12,975",,
2015,CA,Monterey,25-44 yrs,01APR2018:11:21:17,22109,"402,842",,
2015,CA,Napa,25-44 yrs,01APR2018:11:21:17,7492,"137,050",,
2015,CA,Nevada,25-44 yrs,01APR2018:11:21:17,5238,"95,997",,
2015,CA,Orange,25-44 yrs,01APR2018:11:21:17,144182,"3,016,237",,
2015,CA,Placer,25-44 yrs,01APR2018:11:21:17,20556,"351,384",,
2015,CA,Plumas,25-44 yrs,01APR2018:11:21:17,1006,"18,613",,
2015,CA,Riverside,25-44 yrs,01APR2018:11:21:17,130031,"2,191,564",,
2015,CA,Sacramento,25-44 yrs,01APR2018:11:21:17,102044,"1,420,705",,
2015,CA,San Benito,25-44 yrs,01APR2018:11:21:17,3564,"53,857",,
2015,CA,San Bernardino,25-44 yrs,01APR2018:11:21:17,129472,"2,032,042",,
2015,CA,San Diego,25-44 yrs,01APR2018:11:21:17,169588,"3,091,958",,
2015,CA,San Francisco,25-44 yrs,01APR2018:11:21:17,44329,"805,232",,
2015,CA,San Joaquin,25-44 yrs,01APR2018:11:21:17,49463,"684,518",,
2015,CA,San Luis Obispo,25-44 yrs,01APR2018:11:21:17,14248,"269,227",,
2015,CA,San Mateo,25-44 yrs,01APR2018:11:21:17,30993,"690,399",,
2015,CA,Santa Barbara,25-44 yrs,01APR2018:11:21:17,22443,"424,106",,
2015,CA,Santa Clara,25-44 yrs,01APR2018:11:21:17,84197,"1,805,212",,
2015,CA,Santa Cruz,25-44 yrs,01APR2018:11:21:17,15217,"280,225",,
2015,CA,Shasta,25-44 yrs,01APR2018:11:21:17,14439,"184,231",,
2015,CA,Sierra,25-44 yrs,01APR2018:11:21:17,112,"2,910",,
2015,CA,Siskiyou,25-44 yrs,01APR2018:11:21:17,2905,"46,055",,
2015,CA,Solano,25-44 yrs,01APR2018:11:21:17,27828,"412,119",,
2015,CA,Sonoma,25-44 yrs,01APR2018:11:21:17,28645,"484,213",,
2015,CA,Stanislaus,25-44 yrs,01APR2018:11:21:17,42476,"518,345",,
2015,CA,Sutter,25-44 yrs,01APR2018:11:21:17,7196,"93,812",,
2015,CA,Tehama,25-44 yrs,01APR2018:11:21:17,4459,"54,639",,
2015,CA,Trinity,25-44 yrs,01APR2018:11:21:17,802,"13,701",,
2015,CA,Tulare,25-44 yrs,01APR2018:11:21:17,30006,"438,352",,
2015,CA,Tuolumne,25-44 yrs,01APR2018:11:21:17,3701,"54,242",,
2015,CA,Ventura,25-44 yrs,01APR2018:11:21:17,44660,"827,963",,
2015,CA,Yolo,25-44 yrs,01APR2018:11:21:17,10920,"202,753",,
2015,CA,Yuba,25-44 yrs,01APR2018:11:21:17,6607,"71,319",,
2015,CA,Alameda,45-64 yrs,01APR2018:11:21:17,99805,"1,515,717",,
2015,CA,Alpine,45-64 yrs,01APR2018:11:21:17,43,"1,115",,
2015,CA,Amador,45-64 yrs,01APR2018:11:21:17,4256,"38,211",,
2015,CA,Butte,45-64 yrs,01APR2018:11:21:17,25029,"220,287",,
2015,CA,Calaveras,45-64 yrs,01APR2018:11:21:17,5438,"45,570",,
2015,CA,Colusa,45-64 yrs,01APR2018:11:21:17,1659,"21,608",,
2015,CA,Contra Costa,45-64 yrs,01APR2018:11:21:17,84574,"1,043,451",,
2015,CA,Del Norte,45-64 yrs,01APR2018:11:21:17,3259,"28,596",,
2015,CA,El Dorado,45-64 yrs,01APR2018:11:21:17,19397,"180,987",,
2015,CA,Fresno,45-64 yrs,01APR2018:11:21:17,69569,"935,100",,
2015,CA,Glenn,45-64 yrs,01APR2018:11:21:17,2536,"28,708",,
2015,CA,Humboldt,45-64 yrs,01APR2018:11:21:17,13518,"134,681",,
2015,CA,Imperial,45-64 yrs,01APR2018:11:21:17,10608,"170,552",,
2015,CA,Inyo,45-64 yrs,01APR2018:11:21:17,1653,"19,497",,
2015,CA,Kern,45-64 yrs,01APR2018:11:21:17,69952,"841,588",,
2015,CA,Kings,45-64 yrs,01APR2018:11:21:17,9937,"151,702",,
2015,CA,Lake,45-64 yrs,01APR2018:11:21:17,9921,"64,599",,
2015,CA,Lassen,45-64 yrs,01APR2018:11:21:17,3197,"37,144",,
2015,CA,Los Angeles,45-64 yrs,01APR2018:11:21:17,557811,"9,811,939",,
2015,CA,Madera,45-64 yrs,01APR2018:11:21:17,11276,"150,446",,
2015,CA,Marin,45-64 yrs,01APR2018:11:21:17,17926,"251,685",,
2015,CA,Mariposa,45-64 yrs,01APR2018:11:21:17,1940,"16,900",,
2015,CA,Mendocino,45-64 yrs,01APR2018:11:21:17,9538,"87,595",,
2015,CA,Merced,45-64 yrs,01APR2018:11:21:17,20203,"254,483",,
2015,CA,Modoc,45-64 yrs,01APR2018:11:21:17,677,"8,506",,
2015,CA,Mono,45-64 yrs,01APR2018:11:21:17,828,"12,975",,
2015,CA,Monterey,45-64 yrs,01APR2018:11:21:17,25229,"402,842",,
2015,CA,Napa,45-64 yrs,01APR2018:11:21:17,10763,"137,050",,
2015,CA,Nevada,45-64 yrs,01APR2018:11:21:17,9110,"95,997",,
2015,CA,Orange,45-64 yrs,01APR2018:11:21:17,189450,"3,016,237",,
2015,CA,Placer,45-64 yrs,01APR2018:11:21:17,30074,"351,384",,
2015,CA,Plumas,45-64 yrs,01APR2018:11:21:17,1921,"18,613",,
2015,CA,Riverside,45-64 yrs,01APR2018:11:21:17,166647,"2,191,564",,
2015,CA,Sacramento,45-64 yrs,01APR2018:11:21:17,124881,"1,420,705",,
2015,CA,San Benito,45-64 yrs,01APR2018:11:21:17,4028,"53,857",,
2015,CA,San Bernardino,45-64 yrs,01APR2018:11:21:17,161309,"2,032,042",,
2015,CA,San Diego,45-64 yrs,01APR2018:11:21:17,209491,"3,091,958",,
2015,CA,San Francisco,45-64 yrs,01APR2018:11:21:17,43441,"805,232",,
2015,CA,San Joaquin,45-64 yrs,01APR2018:11:21:17,58114,"684,518",,
2015,CA,San Luis Obispo,45-64 yrs,01APR2018:11:21:17,22342,"269,227",,
2015,CA,San Mateo,45-64 yrs,01APR2018:11:21:17,40498,"690,399",,
2015,CA,Santa Barbara,45-64 yrs,01APR2018:11:21:17,29140,"424,106",,
2015,CA,Santa Clara,45-64 yrs,01APR2018:11:21:17,95962,"1,805,212",,
2015,CA,Santa Cruz,45-64 yrs,01APR2018:11:21:17,21319,"280,225",,
2015,CA,Shasta,45-64 yrs,01APR2018:11:21:17,21271,"184,231",,
2015,CA,Sierra,45-64 yrs,01APR2018:11:21:17,246,"2,910",,
2015,CA,Siskiyou,45-64 yrs,01APR2018:11:21:17,4929,"46,055",,
2015,CA,Solano,45-64 yrs,01APR2018:11:21:17,37014,"412,119",,
2015,CA,Sonoma,45-64 yrs,01APR2018:11:21:17,42273,"484,213",,
2015,CA,Stanislaus,45-64 yrs,01APR2018:11:21:17,50336,"518,345",,
2015,CA,Sutter,45-64 yrs,01APR2018:11:21:17,8971,"93,812",,
2015,CA,Tehama,45-64 yrs,01APR2018:11:21:17,6100,"54,639",,
2015,CA,Trinity,45-64 yrs,01APR2018:11:21:17,1586,"13,701",,
2015,CA,Tulare,45-64 yrs,01APR2018:11:21:17,33914,"438,352",,
2015,CA,Tuolumne,45-64 yrs,01APR2018:11:21:17,6499,"54,242",,
2015,CA,Ventura,45-64 yrs,01APR2018:11:21:17,61981,"827,963",,
2015,CA,Yolo,45-64 yrs,01APR2018:11:21:17,13720,"202,753",,
2015,CA,Yuba,45-64 yrs,01APR2018:11:21:17,7733,"71,319",,
2015,CA,Alameda,=< 14 yrs,01APR2018:11:21:17,4699,"1,515,717",,
2015,CA,Alpine,=< 14 yrs,01APR2018:11:21:17,3,"1,115",,
2015,CA,Amador,=< 14 yrs,01APR2018:11:21:17,107,"38,211",,
2015,CA,Butte,=< 14 yrs,01APR2018:11:21:17,840,"220,287",,
2015,CA,Calaveras,=< 14 yrs,01APR2018:11:21:17,154,"45,570",,
2015,CA,Colusa,=< 14 yrs,01APR2018:11:21:17,143,"21,608",,
2015,CA,Contra Costa,=< 14 yrs,01APR2018:11:21:17,4191,"1,043,451",,
2015,CA,Del Norte,=< 14 yrs,01APR2018:11:21:17,83,"28,596",,
2015,CA,El Dorado,=< 14 yrs,01APR2018:11:21:17,744,"180,987",,
2015,CA,Fresno,=< 14 yrs,01APR2018:11:21:17,4148,"935,100",,
2015,CA,Glenn,=< 14 yrs,01APR2018:11:21:17,142,"28,708",,
2015,CA,Humboldt,=< 14 yrs,01APR2018:11:21:17,487,"134,681",,
2015,CA,Imperial,=< 14 yrs,01APR2018:11:21:17,622,"170,552",,
2015,CA,Inyo,=< 14 yrs,01APR2018:11:21:17,54,"19,497",,
2015,CA,Kern,=< 14 yrs,01APR2018:11:21:17,2981,"841,588",,
2015,CA,Kings,=< 14 yrs,01APR2018:11:21:17,606,"151,702",,
2015,CA,Lake,=< 14 yrs,01APR2018:11:21:17,255,"64,599",,
2015,CA,Lassen,=< 14 yrs,01APR2018:11:21:17,104,"37,144",,
2015,CA,Los Angeles,=< 14 yrs,01APR2018:11:21:17,20133,"9,811,939",,
2015,CA,Madera,=< 14 yrs,01APR2018:11:21:17,657,"150,446",,
2015,CA,Marin,=< 14 yrs,01APR2018:11:21:17,1063,"251,685",,
2015,CA,Mariposa,=< 14 yrs,01APR2018:11:21:17,60,"16,900",,
2015,CA,Mendocino,=< 14 yrs,01APR2018:11:21:17,325,"87,595",,
2015,CA,Merced,=< 14 yrs,01APR2018:11:21:17,1319,"254,483",,
2015,CA,Modoc,=< 14 yrs,01APR2018:11:21:17,12,"8,506",,
2015,CA,Mono,=< 14 yrs,01APR2018:11:21:17,62,"12,975",,
2015,CA,Monterey,=< 14 yrs,01APR2018:11:21:17,1705,"402,842",,
2015,CA,Napa,=< 14 yrs,01APR2018:11:21:17,548,"137,050",,
2015,CA,Nevada,=< 14 yrs,01APR2018:11:21:17,330,"95,997",,
2015,CA,Orange,=< 14 yrs,01APR2018:11:21:17,7872,"3,016,237",,
2015,CA,Placer,=< 14 yrs,01APR2018:11:21:17,1386,"351,384",,
2015,CA,Plumas,=< 14 yrs,01APR2018:11:21:17,32,"18,613",,
2015,CA,Riverside,=< 14 yrs,01APR2018:11:21:17,6916,"2,191,564",,
2015,CA,Sacramento,=< 14 yrs,01APR2018:11:21:17,5002,"1,420,705",,
2015,CA,San Benito,=< 14 yrs,01APR2018:11:21:17,361,"53,857",,
2015,CA,San Bernardino,=< 14 yrs,01APR2018:11:21:17,6758,"2,032,042",,
2015,CA,San Diego,=< 14 yrs,01APR2018:11:21:17,7728,"3,091,958",,
2015,CA,San Francisco,=< 14 yrs,01APR2018:11:21:17,1209,"805,232",,
2015,CA,San Joaquin,=< 14 yrs,01APR2018:11:21:17,3019,"684,518",,
2015,CA,San Luis Obispo,=< 14 yrs,01APR2018:11:21:17,968,"269,227",,
2015,CA,San Mateo,=< 14 yrs,01APR2018:11:21:17,2152,"690,399",,
2015,CA,Santa Barbara,=< 14 yrs,01APR2018:11:21:17,1454,"424,106",,
2015,CA,Santa Clara,=< 14 yrs,01APR2018:11:21:17,5880,"1,805,212",,
2015,CA,Santa Cruz,=< 14 yrs,01APR2018:11:21:17,1082,"280,225",,
2015,CA,Shasta,=< 14 yrs,01APR2018:11:21:17,570,"184,231",,
2015,CA,Sierra,=< 14 yrs,01APR2018:11:21:17,2,"2,910",,
2015,CA,Siskiyou,=< 14 yrs,01APR2018:11:21:17,129,"46,055",,
2015,CA,Solano,=< 14 yrs,01APR2018:11:21:17,1357,"412,119",,
2015,CA,Sonoma,=< 14 yrs,01APR2018:11:21:17,2001,"484,213",,
2015,CA,Stanislaus,=< 14 yrs,01APR2018:11:21:17,2779,"518,345",,
2015,CA,Sutter,=< 14 yrs,01APR2018:11:21:17,387,"93,812",,
2015,CA,Tehama,=< 14 yrs,01APR2018:11:21:17,269,"54,639",,
2015,CA,Trinity,=< 14 yrs,01APR2018:11:21:17,40,"13,701",,
2015,CA,Tulare,=< 14 yrs,01APR2018:11:21:17,2055,"438,352",,
2015,CA,Tuolumne,=< 14 yrs,01APR2018:11:21:17,192,"54,242",,
2015,CA,Ventura,=< 14 yrs,01APR2018:11:21:17,2857,"827,963",,
2015,CA,Yolo,=< 14 yrs,01APR2018:11:21:17,695,"202,753",,
2015,CA,Yuba,=< 14 yrs,01APR2018:11:21:17,275,"71,319",,
2015,CA,Alameda,>= 65 yrs,01APR2018:11:21:17,62819,"1,515,717",,
2015,CA,Alpine,>= 65 yrs,01APR2018:11:21:17,16,"1,115",,
2015,CA,Amador,>= 65 yrs,01APR2018:11:21:17,3382,"38,211",,
2015,CA,Butte,>= 65 yrs,01APR2018:11:21:17,17660,"220,287",,
2015,CA,Calaveras,>= 65 yrs,01APR2018:11:21:17,3878,"45,570",,
2015,CA,Colusa,>= 65 yrs,01APR2018:11:21:17,1108,"21,608",,
2015,CA,Contra Costa,>= 65 yrs,01APR2018:11:21:17,55624,"1,043,451",,
2015,CA,Del Norte,>= 65 yrs,01APR2018:11:21:17,1802,"28,596",,
2015,CA,El Dorado,>= 65 yrs,01APR2018:11:21:17,12308,"180,987",,
2015,CA,Fresno,>= 65 yrs,01APR2018:11:21:17,43244,"935,100",,
2015,CA,Glenn,>= 65 yrs,01APR2018:11:21:17,1738,"28,708",,
2015,CA,Humboldt,>= 65 yrs,01APR2018:11:21:17,8588,"134,681",,
2015,CA,Imperial,>= 65 yrs,01APR2018:11:21:17,7084,"170,552",,
2015,CA,Inyo,>= 65 yrs,01APR2018:11:21:17,1169,"19,497",,
2015,CA,Kern,>= 65 yrs,01APR2018:11:21:17,35783,"841,588",,
2015,CA,Kings,>= 65 yrs,01APR2018:11:21:17,5199,"151,702",,
2015,CA,Lake,>= 65 yrs,01APR2018:11:21:17,5522,"64,599",,
2015,CA,Lassen,>= 65 yrs,01APR2018:11:21:17,1641,"37,144",,
2015,CA,Los Angeles,>= 65 yrs,01APR2018:11:21:17,369888,"9,811,939",,
2015,CA,Madera,>= 65 yrs,01APR2018:11:21:17,6957,"150,446",,
2015,CA,Marin,>= 65 yrs,01APR2018:11:21:17,15779,"251,685",,
2015,CA,Mariposa,>= 65 yrs,01APR2018:11:21:17,1288,"16,900",,
2015,CA,Mendocino,>= 65 yrs,01APR2018:11:21:17,6455,"87,595",,
2015,CA,Merced,>= 65 yrs,01APR2018:11:21:17,10772,"254,483",,
2015,CA,Modoc,>= 65 yrs,01APR2018:11:21:17,524,"8,506",,
2015,CA,Mono,>= 65 yrs,01APR2018:11:21:17,344,"12,975",,
2015,CA,Monterey,>= 65 yrs,01APR2018:11:21:17,15707,"402,842",,
2015,CA,Napa,>= 65 yrs,01APR2018:11:21:17,9350,"137,050",,
2015,CA,Nevada,>= 65 yrs,01APR2018:11:21:17,8056,"95,997",,
2015,CA,Orange,>= 65 yrs,01APR2018:11:21:17,136684,"3,016,237",,
2015,CA,Placer,>= 65 yrs,01APR2018:11:21:17,25681,"351,384",,
2015,CA,Plumas,>= 65 yrs,01APR2018:11:21:17,1231,"18,613",,
2015,CA,Riverside,>= 65 yrs,01APR2018:11:21:17,112924,"2,191,564",,
2015,CA,Sacramento,>= 65 yrs,01APR2018:11:21:17,75107,"1,420,705",,
2015,CA,San Benito,>= 65 yrs,01APR2018:11:21:17,2042,"53,857",,
2015,CA,San Bernardino,>= 65 yrs,01APR2018:11:21:17,87470,"2,032,042",,
2015,CA,San Diego,>= 65 yrs,01APR2018:11:21:17,143149,"3,091,958",,
2015,CA,San Francisco,>= 65 yrs,01APR2018:11:21:17,29716,"805,232",,
2015,CA,San Joaquin,>= 65 yrs,01APR2018:11:21:17,34053,"684,518",,
2015,CA,San Luis Obispo,>= 65 yrs,01APR2018:11:21:17,18150,"269,227",,
2015,CA,San Mateo,>= 65 yrs,01APR2018:11:21:17,29763,"690,399",,
2015,CA,Santa Barbara,>= 65 yrs,01APR2018:11:21:17,20979,"424,106",,
2015,CA,Santa Clara,>= 65 yrs,01APR2018:11:21:17,64339,"1,805,212",,
2015,CA,Santa Cruz,>= 65 yrs,01APR2018:11:21:17,13809,"280,225",,
2015,CA,Shasta,>= 65 yrs,01APR2018:11:21:17,15151,"184,231",,
2015,CA,Sierra,>= 65 yrs,01APR2018:11:21:17,180,"2,910",,
2015,CA,Siskiyou,>= 65 yrs,01APR2018:11:21:17,3167,"46,055",,
2015,CA,Solano,>= 65 yrs,01APR2018:11:21:17,20792,"412,119",,
2015,CA,Sonoma,>= 65 yrs,01APR2018:11:21:17,30415,"484,213",,
2015,CA,Stanislaus,>= 65 yrs,01APR2018:11:21:17,30291,"518,345",,
2015,CA,Sutter,>= 65 yrs,01APR2018:11:21:17,6219,"93,812",,
2015,CA,Tehama,>= 65 yrs,01APR2018:11:21:17,4058,"54,639",,
2015,CA,Trinity,>= 65 yrs,01APR2018:11:21:17,1107,"13,701",,
2015,CA,Tulare,>= 65 yrs,01APR2018:11:21:17,19394,"438,352",,
2015,CA,Tuolumne,>= 65 yrs,01APR2018:11:21:17,4928,"54,242",,
2015,CA,Ventura,>= 65 yrs,01APR2018:11:21:17,41204,"827,963",,
2015,CA,Yolo,>= 65 yrs,01APR2018:11:21:17,8802,"202,753",,
2015,CA,Yuba,>= 65 yrs,01APR2018:11:21:17,3843,"71,319",,
2016,CA,Alameda,15-24 yrs,01APR2018:11:21:17,14510,"1,515,717",,
2016,CA,Alpine,15-24 yrs,01APR2018:11:21:17,4,"1,115",,
2016,CA,Amador,15-24 yrs,01APR2018:11:21:17,410,"38,211",,
2016,CA,Butte,15-24 yrs,01APR2018:11:21:17,3372,"220,287",,
2016,CA,Calaveras,15-24 yrs,01APR2018:11:21:17,538,"45,570",,
2016,CA,Colusa,15-24 yrs,01APR2018:11:21:17,245,"21,608",,
2016,CA,Contra Costa,15-24 yrs,01APR2018:11:21:17,12380,"1,043,451",,
2016,CA,Del Norte,15-24 yrs,01APR2018:11:21:17,303,"28,596",,
2016,CA,El Dorado,15-24 yrs,01APR2018:11:21:17,2759,"180,987",,
2016,CA,Fresno,15-24 yrs,01APR2018:11:21:17,13062,"935,100",,
2016,CA,Glenn,15-24 yrs,01APR2018:11:21:17,411,"28,708",,
2016,CA,Humboldt,15-24 yrs,01APR2018:11:21:17,1563,"134,681",,
2016,CA,Imperial,15-24 yrs,01APR2018:11:21:17,2079,"170,552",,
2016,CA,Inyo,15-24 yrs,01APR2018:11:21:17,160,"19,497",,
2016,CA,Kern,15-24 yrs,01APR2018:11:21:17,12817,"841,588",,
2016,CA,Kings,15-24 yrs,01APR2018:11:21:17,1874,"151,702",,
2016,CA,Lake,15-24 yrs,01APR2018:11:21:17,948,"64,599",,
2016,CA,Lassen,15-24 yrs,01APR2018:11:21:17,451,"37,144",,
2016,CA,Los Angeles,15-24 yrs,01APR2018:11:21:17,85080,"9,811,939",,
2016,CA,Madera,15-24 yrs,01APR2018:11:21:17,1916,"150,446",,
2016,CA,Marin,15-24 yrs,01APR2018:11:21:17,2414,"251,685",,
2016,CA,Mariposa,15-24 yrs,01APR2018:11:21:17,190,"16,900",,
2016,CA,Mendocino,15-24 yrs,01APR2018:11:21:17,1082,"87,595",,
2016,CA,Merced,15-24 yrs,01APR2018:11:21:17,3768,"254,483",,
2016,CA,Modoc,15-24 yrs,01APR2018:11:21:17,65,"8,506",,
2016,CA,Mono,15-24 yrs,01APR2018:11:21:17,141,"12,975",,
2016,CA,Monterey,15-24 yrs,01APR2018:11:21:17,4440,"402,842",,
2016,CA,Napa,15-24 yrs,01APR2018:11:21:17,1489,"137,050",,
2016,CA,Nevada,15-24 yrs,01APR2018:11:21:17,962,"95,997",,
2016,CA,Orange,15-24 yrs,01APR2018:11:21:17,31872,"3,016,237",,
2016,CA,Placer,15-24 yrs,01APR2018:11:21:17,4692,"351,384",,
2016,CA,Plumas,15-24 yrs,01APR2018:11:21:17,142,"18,613",,
2016,CA,Riverside,15-24 yrs,01APR2018:11:21:17,27105,"2,191,564",,
2016,CA,Sacramento,15-24 yrs,01APR2018:11:21:17,17913,"1,420,705",,
2016,CA,San Benito,15-24 yrs,01APR2018:11:21:17,827,"53,857",,
2016,CA,San Bernardino,15-24 yrs,01APR2018:11:21:17,26298,"2,032,042",,
2016,CA,San Diego,15-24 yrs,01APR2018:11:21:17,33192,"3,091,958",,
2016,CA,San Francisco,15-24 yrs,01APR2018:11:21:17,5166,"805,232",,
2016,CA,San Joaquin,15-24 yrs,01APR2018:11:21:17,10186,"684,518",,
2016,CA,San Luis Obispo,15-24 yrs,01APR2018:11:21:17,2788,"269,227",,
2016,CA,San Mateo,15-24 yrs,01APR2018:11:21:17,6166,"690,399",,
2016,CA,Santa Barbara,15-24 yrs,01APR2018:11:21:17,4952,"424,106",,
2016,CA,Santa Clara,15-24 yrs,01APR2018:11:21:17,17031,"1,805,212",,
2016,CA,Santa Cruz,15-24 yrs,01APR2018:11:21:17,3366,"280,225",,
2016,CA,Shasta,15-24 yrs,01APR2018:11:21:17,2390,"184,231",,
2016,CA,Sierra,15-24 yrs,01APR2018:11:21:17,13,"2,910",,
2016,CA,Siskiyou,15-24 yrs,01APR2018:11:21:17,501,"46,055",,
2016,CA,Solano,15-24 yrs,01APR2018:11:21:17,4789,"412,119",,
2016,CA,Sonoma,15-24 yrs,01APR2018:11:21:17,5518,"484,213",,
2016,CA,Stanislaus,15-24 yrs,01APR2018:11:21:17,8386,"518,345",,
2016,CA,Sutter,15-24 yrs,01APR2018:11:21:17,1359,"93,812",,
2016,CA,Tehama,15-24 yrs,01APR2018:11:21:17,762,"54,639",,
2016,CA,Trinity,15-24 yrs,01APR2018:11:21:17,122,"13,701",,
2016,CA,Tulare,15-24 yrs,01APR2018:11:21:17,6216,"438,352",,
2016,CA,Tuolumne,15-24 yrs,01APR2018:11:21:17,719,"54,242",,
2016,CA,Ventura,15-24 yrs,01APR2018:11:21:17,9962,"827,963",,
2016,CA,Yolo,15-24 yrs,01APR2018:11:21:17,2527,"202,753",,
2016,CA,Yuba,15-24 yrs,01APR2018:11:21:17,1084,"71,319",,
2016,CA,Alameda,25-44 yrs,01APR2018:11:21:17,51105,"1,515,717",,
2016,CA,Alpine,25-44 yrs,01APR2018:11:21:17,14,"1,115",,
2016,CA,Amador,25-44 yrs,01APR2018:11:21:17,1468,"38,211",,
2016,CA,Butte,25-44 yrs,01APR2018:11:21:17,11364,"220,287",,
2016,CA,Calaveras,25-44 yrs,01APR2018:11:21:17,1828,"45,570",,
2016,CA,Colusa,25-44 yrs,01APR2018:11:21:17,779,"21,608",,
2016,CA,Contra Costa,25-44 yrs,01APR2018:11:21:17,37637,"1,043,451",,
2016,CA,Del Norte,25-44 yrs,01APR2018:11:21:17,1213,"28,596",,
2016,CA,El Dorado,25-44 yrs,01APR2018:11:21:17,7485,"180,987",,
2016,CA,Fresno,25-44 yrs,01APR2018:11:21:17,39664,"935,100",,
2016,CA,Glenn,25-44 yrs,01APR2018:11:21:17,1328,"28,708",,
2016,CA,Humboldt,25-44 yrs,01APR2018:11:21:17,6323,"134,681",,
2016,CA,Imperial,25-44 yrs,01APR2018:11:21:17,6336,"170,552",,
2016,CA,Inyo,25-44 yrs,01APR2018:11:21:17,595,"19,497",,
2016,CA,Kern,25-44 yrs,01APR2018:11:21:17,39238,"841,588",,
2016,CA,Kings,25-44 yrs,01APR2018:11:21:17,6084,"151,702",,
2016,CA,Lake,25-44 yrs,01APR2018:11:21:17,3299,"64,599",,
2016,CA,Lassen,25-44 yrs,01APR2018:11:21:17,1333,"37,144",,
2016,CA,Los Angeles,25-44 yrs,01APR2018:11:21:17,285714,"9,811,939",,
2016,CA,Madera,25-44 yrs,01APR2018:11:21:17,5580,"150,446",,
2016,CA,Marin,25-44 yrs,01APR2018:11:21:17,5742,"251,685",,
2016,CA,Mariposa,25-44 yrs,01APR2018:11:21:17,598,"16,900",,
2016,CA,Mendocino,25-44 yrs,01APR2018:11:21:17,4092,"87,595",,
2016,CA,Merced,25-44 yrs,01APR2018:11:21:17,11469,"254,483",,
2016,CA,Modoc,25-44 yrs,01APR2018:11:21:17,244,"8,506",,
2016,CA,Mono,25-44 yrs,01APR2018:11:21:17,532,"12,975",,
2016,CA,Monterey,25-44 yrs,01APR2018:11:21:17,13490,"402,842",,
2016,CA,Napa,25-44 yrs,01APR2018:11:21:17,4449,"137,050",,
2016,CA,Nevada,25-44 yrs,01APR2018:11:21:17,3374,"95,997",,
2016,CA,Orange,25-44 yrs,01APR2018:11:21:17,92186,"3,016,237",,
2016,CA,Placer,25-44 yrs,01APR2018:11:21:17,12910,"351,384",,
2016,CA,Plumas,25-44 yrs,01APR2018:11:21:17,592,"18,613",,
2016,CA,Riverside,25-44 yrs,01APR2018:11:21:17,84428,"2,191,564",,
2016,CA,Sacramento,25-44 yrs,01APR2018:11:21:17,63586,"1,420,705",,
2016,CA,San Benito,25-44 yrs,01APR2018:11:21:17,2163,"53,857",,
2016,CA,San Bernardino,25-44 yrs,01APR2018:11:21:17,83031,"2,032,042",,
2016,CA,San Diego,25-44 yrs,01APR2018:11:21:17,107795,"3,091,958",,
2016,CA,San Francisco,25-44 yrs,01APR2018:11:21:17,26806,"805,232",,
2016,CA,San Joaquin,25-44 yrs,01APR2018:11:21:17,31567,"684,518",,
2016,CA,San Luis Obispo,25-44 yrs,01APR2018:11:21:17,8859,"269,227",,
2016,CA,San Mateo,25-44 yrs,01APR2018:11:21:17,18702,"690,399",,
2016,CA,Santa Barbara,25-44 yrs,01APR2018:11:21:17,13846,"424,106",,
2016,CA,Santa Clara,25-44 yrs,01APR2018:11:21:17,51614,"1,805,212",,
2016,CA,Santa Cruz,25-44 yrs,01APR2018:11:21:17,9392,"280,225",,
2016,CA,Shasta,25-44 yrs,01APR2018:11:21:17,8744,"184,231",,
2016,CA,Sierra,25-44 yrs,01APR2018:11:21:17,65,"2,910",,
2016,CA,Siskiyou,25-44 yrs,01APR2018:11:21:17,1779,"46,055",,
2016,CA,Solano,25-44 yrs,01APR2018:11:21:17,17070,"412,119",,
2016,CA,Sonoma,25-44 yrs,01APR2018:11:21:17,17658,"484,213",,
2016,CA,Stanislaus,25-44 yrs,01APR2018:11:21:17,27217,"518,345",,
2016,CA,Sutter,25-44 yrs,01APR2018:11:21:17,4906,"93,812",,
2016,CA,Tehama,25-44 yrs,01APR2018:11:21:17,2712,"54,639",,
2016,CA,Trinity,25-44 yrs,01APR2018:11:21:17,528,"13,701",,
2016,CA,Tulare,25-44 yrs,01APR2018:11:21:17,18423,"438,352",,
2016,CA,Tuolumne,25-44 yrs,01APR2018:11:21:17,2176,"54,242",,
2016,CA,Ventura,25-44 yrs,01APR2018:11:21:17,27957,"827,963",,
2016,CA,Yolo,25-44 yrs,01APR2018:11:21:17,6844,"202,753",,
2016,CA,Yuba,25-44 yrs,01APR2018:11:21:17,4518,"71,319",,
2016,CA,Alameda,45-64 yrs,01APR2018:11:21:17,66898,"1,515,717",,
2016,CA,Alpine,45-64 yrs,01APR2018:11:21:17,28,"1,115",,
2016,CA,Amador,45-64 yrs,01APR2018:11:21:17,2906,"38,211",,
2016,CA,Butte,45-64 yrs,01APR2018:11:21:17,17593,"220,287",,
2016,CA,Calaveras,45-64 yrs,01APR2018:11:21:17,3781,"45,570",,
2016,CA,Colusa,45-64 yrs,01APR2018:11:21:17,1057,"21,608",,
2016,CA,Contra Costa,45-64 yrs,01APR2018:11:21:17,57276,"1,043,451",,
2016,CA,Del Norte,45-64 yrs,01APR2018:11:21:17,2220,"28,596",,
2016,CA,El Dorado,45-64 yrs,01APR2018:11:21:17,14114,"180,987",,
2016,CA,Fresno,45-64 yrs,01APR2018:11:21:17,49323,"935,100",,
2016,CA,Glenn,45-64 yrs,01APR2018:11:21:17,1765,"28,708",,
2016,CA,Humboldt,45-64 yrs,01APR2018:11:21:17,9276,"134,681",,
2016,CA,Imperial,45-64 yrs,01APR2018:11:21:17,7625,"170,552",,
2016,CA,Inyo,45-64 yrs,01APR2018:11:21:17,1136,"19,497",,
2016,CA,Kern,45-64 yrs,01APR2018:11:21:17,50544,"841,588",,
2016,CA,Kings,45-64 yrs,01APR2018:11:21:17,7220,"151,702",,
2016,CA,Lake,45-64 yrs,01APR2018:11:21:17,6417,"64,599",,
2016,CA,Lassen,45-64 yrs,01APR2018:11:21:17,2182,"37,144",,
2016,CA,Los Angeles,45-64 yrs,01APR2018:11:21:17,379755,"9,811,939",,
2016,CA,Madera,45-64 yrs,01APR2018:11:21:17,7639,"150,446",,
2016,CA,Marin,45-64 yrs,01APR2018:11:21:17,11653,"251,685",,
2016,CA,Mariposa,45-64 yrs,01APR2018:11:21:17,1282,"16,900",,
2016,CA,Mendocino,45-64 yrs,01APR2018:11:21:17,6521,"87,595",,
2016,CA,Merced,45-64 yrs,01APR2018:11:21:17,13966,"254,483",,
2016,CA,Modoc,45-64 yrs,01APR2018:11:21:17,523,"8,506",,
2016,CA,Mono,45-64 yrs,01APR2018:11:21:17,601,"12,975",,
2016,CA,Monterey,45-64 yrs,01APR2018:11:21:17,16887,"402,842",,
2016,CA,Napa,45-64 yrs,01APR2018:11:21:17,7134,"137,050",,
2016,CA,Nevada,45-64 yrs,01APR2018:11:21:17,6380,"95,997",,
2016,CA,Orange,45-64 yrs,01APR2018:11:21:17,131139,"3,016,237",,
2016,CA,Placer,45-64 yrs,01APR2018:11:21:17,21569,"351,384",,
2016,CA,Plumas,45-64 yrs,01APR2018:11:21:17,1324,"18,613",,
2016,CA,Riverside,45-64 yrs,01APR2018:11:21:17,119062,"2,191,564",,
2016,CA,Sacramento,45-64 yrs,01APR2018:11:21:17,86080,"1,420,705",,
2016,CA,San Benito,45-64 yrs,01APR2018:11:21:17,2949,"53,857",,
2016,CA,San Bernardino,45-64 yrs,01APR2018:11:21:17,113867,"2,032,042",,
2016,CA,San Diego,45-64 yrs,01APR2018:11:21:17,146548,"3,091,958",,
2016,CA,San Francisco,45-64 yrs,01APR2018:11:21:17,28572,"805,232",,
2016,CA,San Joaquin,45-64 yrs,01APR2018:11:21:17,39964,"684,518",,
2016,CA,San Luis Obispo,45-64 yrs,01APR2018:11:21:17,14955,"269,227",,
2016,CA,San Mateo,45-64 yrs,01APR2018:11:21:17,26738,"690,399",,
2016,CA,Santa Barbara,45-64 yrs,01APR2018:11:21:17,19920,"424,106",,
2016,CA,Santa Clara,45-64 yrs,01APR2018:11:21:17,63198,"1,805,212",,
2016,CA,Santa Cruz,45-64 yrs,01APR2018:11:21:17,14303,"280,225",,
2016,CA,Shasta,45-64 yrs,01APR2018:11:21:17,14691,"184,231",,
2016,CA,Sierra,45-64 yrs,01APR2018:11:21:17,149,"2,910",,
2016,CA,Siskiyou,45-64 yrs,01APR2018:11:21:17,3395,"46,055",,
2016,CA,Solano,45-64 yrs,01APR2018:11:21:17,25060,"412,119",,
2016,CA,Sonoma,45-64 yrs,01APR2018:11:21:17,28620,"484,213",,
2016,CA,Stanislaus,45-64 yrs,01APR2018:11:21:17,35833,"518,345",,
2016,CA,Sutter,45-64 yrs,01APR2018:11:21:17,6623,"93,812",,
2016,CA,Tehama,45-64 yrs,01APR2018:11:21:17,4328,"54,639",,
2016,CA,Trinity,45-64 yrs,01APR2018:11:21:17,1112,"13,701",,
2016,CA,Tulare,45-64 yrs,01APR2018:11:21:17,23003,"438,352",,
2016,CA,Tuolumne,45-64 yrs,01APR2018:11:21:17,4336,"54,242",,
2016,CA,Ventura,45-64 yrs,01APR2018:11:21:17,43227,"827,963",,
2016,CA,Yolo,45-64 yrs,01APR2018:11:21:17,9279,"202,753",,
2016,CA,Yuba,45-64 yrs,01APR2018:11:21:17,5986,"71,319",,
2016,CA,Alameda,=< 14 yrs,01APR2018:11:21:17,2856,"1,515,717",,
2016,CA,Alpine,=< 14 yrs,01APR2018:11:21:17,3,"1,115",,
2016,CA,Amador,=< 14 yrs,01APR2018:11:21:17,72,"38,211",,
2016,CA,Butte,=< 14 yrs,01APR2018:11:21:17,446,"220,287",,
2016,CA,Calaveras,=< 14 yrs,01APR2018:11:21:17,98,"45,570",,
2016,CA,Colusa,=< 14 yrs,01APR2018:11:21:17,48,"21,608",,
2016,CA,Contra Costa,=< 14 yrs,01APR2018:11:21:17,2609,"1,043,451",,
2016,CA,Del Norte,=< 14 yrs,01APR2018:11:21:17,39,"28,596",,
2016,CA,El Dorado,=< 14 yrs,01APR2018:11:21:17,499,"180,987",,
2016,CA,Fresno,=< 14 yrs,01APR2018:11:21:17,2629,"935,100",,
2016,CA,Glenn,=< 14 yrs,01APR2018:11:21:17,57,"28,708",,
2016,CA,Humboldt,=< 14 yrs,01APR2018:11:21:17,222,"134,681",,
2016,CA,Imperial,=< 14 yrs,01APR2018:11:21:17,337,"170,552",,
2016,CA,Inyo,=< 14 yrs,01APR2018:11:21:17,28,"19,497",,
2016,CA,Kern,=< 14 yrs,01APR2018:11:21:17,1848,"841,588",,
2016,CA,Kings,=< 14 yrs,01APR2018:11:21:17,378,"151,702",,
2016,CA,Lake,=< 14 yrs,01APR2018:11:21:17,178,"64,599",,
2016,CA,Lassen,=< 14 yrs,01APR2018:11:21:17,61,"37,144",,
2016,CA,Los Angeles,=< 14 yrs,01APR2018:11:21:17,12837,"9,811,939",,
2016,CA,Madera,=< 14 yrs,01APR2018:11:21:17,396,"150,446",,
2016,CA,Marin,=< 14 yrs,01APR2018:11:21:17,596,"251,685",,
2016,CA,Mariposa,=< 14 yrs,01APR2018:11:21:17,38,"16,900",,
2016,CA,Mendocino,=< 14 yrs,01APR2018:11:21:17,201,"87,595",,
2016,CA,Merced,=< 14 yrs,01APR2018:11:21:17,768,"254,483",,
2016,CA,Modoc,=< 14 yrs,01APR2018:11:21:17,7,"8,506",,
2016,CA,Mono,=< 14 yrs,01APR2018:11:21:17,29,"12,975",,
2016,CA,Monterey,=< 14 yrs,01APR2018:11:21:17,1062,"402,842",,
2016,CA,Napa,=< 14 yrs,01APR2018:11:21:17,306,"137,050",,
2016,CA,Nevada,=< 14 yrs,01APR2018:11:21:17,198,"95,997",,
2016,CA,Orange,=< 14 yrs,01APR2018:11:21:17,4962,"3,016,237",,
2016,CA,Placer,=< 14 yrs,01APR2018:11:21:17,822,"351,384",,
2016,CA,Plumas,=< 14 yrs,01APR2018:11:21:17,20,"18,613",,
2016,CA,Riverside,=< 14 yrs,01APR2018:11:21:17,4345,"2,191,564",,
2016,CA,Sacramento,=< 14 yrs,01APR2018:11:21:17,2759,"1,420,705",,
2016,CA,San Benito,=< 14 yrs,01APR2018:11:21:17,188,"53,857",,
2016,CA,San Bernardino,=< 14 yrs,01APR2018:11:21:17,4008,"2,032,042",,
2016,CA,San Diego,=< 14 yrs,01APR2018:11:21:17,5177,"3,091,958",,
2016,CA,San Francisco,=< 14 yrs,01APR2018:11:21:17,753,"805,232",,
2016,CA,San Joaquin,=< 14 yrs,01APR2018:11:21:17,1739,"684,518",,
2016,CA,San Luis Obispo,=< 14 yrs,01APR2018:11:21:17,465,"269,227",,
2016,CA,San Mateo,=< 14 yrs,01APR2018:11:21:17,1255,"690,399",,
2016,CA,Santa Barbara,=< 14 yrs,01APR2018:11:21:17,938,"424,106",,
2016,CA,Santa Clara,=< 14 yrs,01APR2018:11:21:17,3542,"1,805,212",,
2016,CA,Santa Cruz,=< 14 yrs,01APR2018:11:21:17,638,"280,225",,
2016,CA,Shasta,=< 14 yrs,01APR2018:11:21:17,346,"184,231",,
2016,CA,Sierra,=< 14 yrs,01APR2018:11:21:17,1,"2,910",,
2016,CA,Siskiyou,=< 14 yrs,01APR2018:11:21:17,75,"46,055",,
2016,CA,Solano,=< 14 yrs,01APR2018:11:21:17,725,"412,119",,
2016,CA,Sonoma,=< 14 yrs,01APR2018:11:21:17,982,"484,213",,
2016,CA,Stanislaus,=< 14 yrs,01APR2018:11:21:17,1645,"518,345",,
2016,CA,Sutter,=< 14 yrs,01APR2018:11:21:17,245,"93,812",,
2016,CA,Tehama,=< 14 yrs,01APR2018:11:21:17,121,"54,639",,
2016,CA,Trinity,=< 14 yrs,01APR2018:11:21:17,27,"13,701",,
2016,CA,Tulare,=< 14 yrs,01APR2018:11:21:17,1347,"438,352",,
2016,CA,Tuolumne,=< 14 yrs,01APR2018:11:21:17,121,"54,242",,
2016,CA,Ventura,=< 14 yrs,01APR2018:11:21:17,1643,"827,963",,
2016,CA,Yolo,=< 14 yrs,01APR2018:11:21:17,377,"202,753",,
2016,CA,Yuba,=< 14 yrs,01APR2018:11:21:17,175,"71,319",,
2016,CA,Alameda,>= 65 yrs,01APR2018:11:21:17,45390,"1,515,717",,
2016,CA,Alpine,>= 65 yrs,01APR2018:11:21:17,20,"1,115",,
2016,CA,Amador,>= 65 yrs,01APR2018:11:21:17,2467,"38,211",,
2016,CA,Butte,>= 65 yrs,01APR2018:11:21:17,13602,"220,287",,
2016,CA,Calaveras,>= 65 yrs,01APR2018:11:21:17,2977,"45,570",,
2016,CA,Colusa,>= 65 yrs,01APR2018:11:21:17,753,"21,608",,
2016,CA,Contra Costa,>= 65 yrs,01APR2018:11:21:17,40698,"1,043,451",,
2016,CA,Del Norte,>= 65 yrs,01APR2018:11:21:17,1333,"28,596",,
2016,CA,El Dorado,>= 65 yrs,01APR2018:11:21:17,9808,"180,987",,
2016,CA,Fresno,>= 65 yrs,01APR2018:11:21:17,33031,"935,100",,
2016,CA,Glenn,>= 65 yrs,01APR2018:11:21:17,1288,"28,708",,
2016,CA,Humboldt,>= 65 yrs,01APR2018:11:21:17,6754,"134,681",,
2016,CA,Imperial,>= 65 yrs,01APR2018:11:21:17,5116,"170,552",,
2016,CA,Inyo,>= 65 yrs,01APR2018:11:21:17,839,"19,497",,
2016,CA,Kern,>= 65 yrs,01APR2018:11:21:17,27800,"841,588",,
2016,CA,Kings,>= 65 yrs,01APR2018:11:21:17,4065,"151,702",,
2016,CA,Lake,>= 65 yrs,01APR2018:11:21:17,4281,"64,599",,
2016,CA,Lassen,>= 65 yrs,01APR2018:11:21:17,1220,"37,144",,
2016,CA,Los Angeles,>= 65 yrs,01APR2018:11:21:17,265441,"9,811,939",,
2016,CA,Madera,>= 65 yrs,01APR2018:11:21:17,5387,"150,446",,
2016,CA,Marin,>= 65 yrs,01APR2018:11:21:17,11314,"251,685",,
2016,CA,Mariposa,>= 65 yrs,01APR2018:11:21:17,1019,"16,900",,
2016,CA,Mendocino,>= 65 yrs,01APR2018:11:21:17,5013,"87,595",,
2016,CA,Merced,>= 65 yrs,01APR2018:11:21:17,8087,"254,483",,
2016,CA,Modoc,>= 65 yrs,01APR2018:11:21:17,414,"8,506",,
2016,CA,Mono,>= 65 yrs,01APR2018:11:21:17,230,"12,975",,
2016,CA,Monterey,>= 65 yrs,01APR2018:11:21:17,11544,"402,842",,
2016,CA,Napa,>= 65 yrs,01APR2018:11:21:17,6634,"137,050",,
2016,CA,Nevada,>= 65 yrs,01APR2018:11:21:17,5989,"95,997",,
2016,CA,Orange,>= 65 yrs,01APR2018:11:21:17,99597,"3,016,237",,
2016,CA,Placer,>= 65 yrs,01APR2018:11:21:17,18832,"351,384",,
2016,CA,Plumas,>= 65 yrs,01APR2018:11:21:17,886,"18,613",,
2016,CA,Riverside,>= 65 yrs,01APR2018:11:21:17,84381,"2,191,564",,
2016,CA,Sacramento,>= 65 yrs,01APR2018:11:21:17,54846,"1,420,705",,
2016,CA,San Benito,>= 65 yrs,01APR2018:11:21:17,1540,"53,857",,
2016,CA,San Bernardino,>= 65 yrs,01APR2018:11:21:17,67175,"2,032,042",,
2016,CA,San Diego,>= 65 yrs,01APR2018:11:21:17,104505,"3,091,958",,
2016,CA,San Francisco,>= 65 yrs,01APR2018:11:21:17,20963,"805,232",,
2016,CA,San Joaquin,>= 65 yrs,01APR2018:11:21:17,25344,"684,518",,
2016,CA,San Luis Obispo,>= 65 yrs,01APR2018:11:21:17,13106,"269,227",,
2016,CA,San Mateo,>= 65 yrs,01APR2018:11:21:17,21434,"690,399",,
2016,CA,Santa Barbara,>= 65 yrs,01APR2018:11:21:17,15252,"424,106",,
2016,CA,Santa Clara,>= 65 yrs,01APR2018:11:21:17,44653,"1,805,212",,
2016,CA,Santa Cruz,>= 65 yrs,01APR2018:11:21:17,10489,"280,225",,
2016,CA,Shasta,>= 65 yrs,01APR2018:11:21:17,11739,"184,231",,
2016,CA,Sierra,>= 65 yrs,01APR2018:11:21:17,132,"2,910",,
2016,CA,Siskiyou,>= 65 yrs,01APR2018:11:21:17,2426,"46,055",,
2016,CA,Solano,>= 65 yrs,01APR2018:11:21:17,15205,"412,119",,
2016,CA,Sonoma,>= 65 yrs,01APR2018:11:21:17,22709,"484,213",,
2016,CA,Stanislaus,>= 65 yrs,01APR2018:11:21:17,23616,"518,345",,
2016,CA,Sutter,>= 65 yrs,01APR2018:11:21:17,4794,"93,812",,
2016,CA,Tehama,>= 65 yrs,01APR2018:11:21:17,3133,"54,639",,
2016,CA,Trinity,>= 65 yrs,01APR2018:11:21:17,827,"13,701",,
2016,CA,Tulare,>= 65 yrs,01APR2018:11:21:17,14420,"438,352",,
2016,CA,Tuolumne,>= 65 yrs,01APR2018:11:21:17,3796,"54,242",,
2016,CA,Ventura,>= 65 yrs,01APR2018:11:21:17,30422,"827,963",,
2016,CA,Yolo,>= 65 yrs,01APR2018:11:21:17,6423,"202,753",,
2016,CA,Yuba,>= 65 yrs,01APR2018:11:21:17,3257,"71,319",,
2017,CA,Alameda,15-24 yrs,01APR2018:11:21:17,19012,"1,515,717",,
2017,CA,Alpine,15-24 yrs,01APR2018:11:21:17,12,"1,115",,
2017,CA,Amador,15-24 yrs,01APR2018:11:21:17,564,"38,211",,
2017,CA,Butte,15-24 yrs,01APR2018:11:21:17,4492,"220,287",,
2017,CA,Calaveras,15-24 yrs,01APR2018:11:21:17,760,"45,570",,
2017,CA,Colusa,15-24 yrs,01APR2018:11:21:17,362,"21,608",,
2017,CA,Contra Costa,15-24 yrs,01APR2018:11:21:17,16634,"1,043,451",,
2017,CA,Del Norte,15-24 yrs,01APR2018:11:21:17,359,"28,596",,
2017,CA,El Dorado,15-24 yrs,01APR2018:11:21:17,3666,"180,987",,
2017,CA,Fresno,15-24 yrs,01APR2018:11:21:17,17953,"935,100",,
2017,CA,Glenn,15-24 yrs,01APR2018:11:21:17,578,"28,708",,
2017,CA,Humboldt,15-24 yrs,01APR2018:11:21:17,2195,"134,681",,
2017,CA,Imperial,15-24 yrs,01APR2018:11:21:17,2844,"170,552",,
2017,CA,Inyo,15-24 yrs,01APR2018:11:21:17,208,"19,497",,
2017,CA,Kern,15-24 yrs,01APR2018:11:21:17,17194,"841,588",,
2017,CA,Kings,15-24 yrs,01APR2018:11:21:17,2710,"151,702",,
2017,CA,Lake,15-24 yrs,01APR2018:11:21:17,1112,"64,599",,
2017,CA,Lassen,15-24 yrs,01APR2018:11:21:17,528,"37,144",,
2017,CA,Los Angeles,15-24 yrs,01APR2018:11:21:17,118337,"9,811,939",,
2017,CA,Madera,15-24 yrs,01APR2018:11:21:17,2525,"150,446",,
2017,CA,Marin,15-24 yrs,01APR2018:11:21:17,3282,"251,685",,
2017,CA,Mariposa,15-24 yrs,01APR2018:11:21:17,259,"16,900",,
2017,CA,Mendocino,15-24 yrs,01APR2018:11:21:17,1492,"87,595",,
2017,CA,Merced,15-24 yrs,01APR2018:11:21:17,5171,"254,483",,
2017,CA,Modoc,15-24 yrs,01APR2018:11:21:17,79,"8,506",,
2017,CA,Mono,15-24 yrs,01APR2018:11:21:17,205,"12,975",,
2017,CA,Monterey,15-24 yrs,01APR2018:11:21:17,6162,"402,842",,
2017,CA,Napa,15-24 yrs,01APR2018:11:21:17,1986,"137,050",,
2017,CA,Nevada,15-24 yrs,01APR2018:11:21:17,1140,"95,997",,
2017,CA,Orange,15-24 yrs,01APR2018:11:21:17,43176,"3,016,237",,
2017,CA,Placer,15-24 yrs,01APR2018:11:21:17,6139,"351,384",,
2017,CA,Plumas,15-24 yrs,01APR2018:11:21:17,203,"18,613",,
2017,CA,Riverside,15-24 yrs,01APR2018:11:21:17,37334,"2,191,564",,
2017,CA,Sacramento,15-24 yrs,01APR2018:11:21:17,24161,"1,420,705",,
2017,CA,San Benito,15-24 yrs,01APR2018:11:21:17,1094,"53,857",,
2017,CA,San Bernardino,15-24 yrs,01APR2018:11:21:17,35304,"2,032,042",,
2017,CA,San Diego,15-24 yrs,01APR2018:11:21:17,44540,"3,091,958",,
2017,CA,San Francisco,15-24 yrs,01APR2018:11:21:17,6922,"805,232",,
2017,CA,San Joaquin,15-24 yrs,01APR2018:11:21:17,13370,"684,518",,
2017,CA,San Luis Obispo,15-24 yrs,01APR2018:11:21:17,3952,"269,227",,
2017,CA,San Mateo,15-24 yrs,01APR2018:11:21:17,8163,"690,399",,
2017,CA,Santa Barbara,15-24 yrs,01APR2018:11:21:17,6485,"424,106",,
2017,CA,Santa Clara,15-24 yrs,01APR2018:11:21:17,23150,"1,805,212",,
2017,CA,Santa Cruz,15-24 yrs,01APR2018:11:21:17,4768,"280,225",,
2017,CA,Shasta,15-24 yrs,01APR2018:11:21:17,2954,"184,231",,
2017,CA,Sierra,15-24 yrs,01APR2018:11:21:17,18,"2,910",,
2017,CA,Siskiyou,15-24 yrs,01APR2018:11:21:17,638,"46,055",,
2017,CA,Solano,15-24 yrs,01APR2018:11:21:17,6711,"412,119",,
2017,CA,Sonoma,15-24 yrs,01APR2018:11:21:17,7008,"484,213",,
2017,CA,Stanislaus,15-24 yrs,01APR2018:11:21:17,11388,"518,345",,
2017,CA,Sutter,15-24 yrs,01APR2018:11:21:17,1817,"93,812",,
2017,CA,Tehama,15-24 yrs,01APR2018:11:21:17,1122,"54,639",,
2017,CA,Trinity,15-24 yrs,01APR2018:11:21:17,179,"13,701",,
2017,CA,Tulare,15-24 yrs,01APR2018:11:21:17,8584,"438,352",,
2017,CA,Tuolumne,15-24 yrs,01APR2018:11:21:17,809,"54,242",,
2017,CA,Ventura,15-24 yrs,01APR2018:11:21:17,13152,"827,963",,
2017,CA,Yolo,15-24 yrs,01APR2018:11:21:17,3584,"202,753",,
2017,CA,Yuba,15-24 yrs,01APR2018:11:21:17,1464,"71,319",,
2017,CA,Alameda,25-44 yrs,01APR2018:11:21:17,68569,"1,515,717",,
2017,CA,Alpine,25-44 yrs,01APR2018:11:21:17,30,"1,115",,
2017,CA,Amador,25-44 yrs,01APR2018:11:21:17,1957,"38,211",,
2017,CA,Butte,25-44 yrs,01APR2018:11:21:17,14381,"220,287",,
2017,CA,Calaveras,25-44 yrs,01APR2018:11:21:17,2321,"45,570",,
2017,CA,Colusa,25-44 yrs,01APR2018:11:21:17,1033,"21,608",,
2017,CA,Contra Costa,25-44 yrs,01APR2018:11:21:17,50182,"1,043,451",,
2017,CA,Del Norte,25-44 yrs,01APR2018:11:21:17,1559,"28,596",,
2017,CA,El Dorado,25-44 yrs,01APR2018:11:21:17,9679,"180,987",,
2017,CA,Fresno,25-44 yrs,01APR2018:11:21:17,53179,"935,100",,
2017,CA,Glenn,25-44 yrs,01APR2018:11:21:17,1761,"28,708",,
2017,CA,Humboldt,25-44 yrs,01APR2018:11:21:17,7973,"134,681",,
2017,CA,Imperial,25-44 yrs,01APR2018:11:21:17,8450,"170,552",,
2017,CA,Inyo,25-44 yrs,01APR2018:11:21:17,863,"19,497",,
2017,CA,Kern,25-44 yrs,01APR2018:11:21:17,51575,"841,588",,
2017,CA,Kings,25-44 yrs,01APR2018:11:21:17,8113,"151,702",,
2017,CA,Lake,25-44 yrs,01APR2018:11:21:17,4054,"64,599",,
2017,CA,Lassen,25-44 yrs,01APR2018:11:21:17,1579,"37,144",,
2017,CA,Los Angeles,25-44 yrs,01APR2018:11:21:17,396803,"9,811,939",,
2017,CA,Madera,25-44 yrs,01APR2018:11:21:17,6912,"150,446",,
2017,CA,Marin,25-44 yrs,01APR2018:11:21:17,7821,"251,685",,
2017,CA,Mariposa,25-44 yrs,01APR2018:11:21:17,711,"16,900",,
2017,CA,Mendocino,25-44 yrs,01APR2018:11:21:17,5342,"87,595",,
2017,CA,Merced,25-44 yrs,01APR2018:11:21:17,15178,"254,483",,
2017,CA,Modoc,25-44 yrs,01APR2018:11:21:17,314,"8,506",,
2017,CA,Mono,25-44 yrs,01APR2018:11:21:17,747,"12,975",,
2017,CA,Monterey,25-44 yrs,01APR2018:11:21:17,17544,"402,842",,
2017,CA,Napa,25-44 yrs,01APR2018:11:21:17,5766,"137,050",,
2017,CA,Nevada,25-44 yrs,01APR2018:11:21:17,4342,"95,997",,
2017,CA,Orange,25-44 yrs,01APR2018:11:21:17,124392,"3,016,237",,
2017,CA,Placer,25-44 yrs,01APR2018:11:21:17,17594,"351,384",,
2017,CA,Plumas,25-44 yrs,01APR2018:11:21:17,858,"18,613",,
2017,CA,Riverside,25-44 yrs,01APR2018:11:21:17,115044,"2,191,564",,
2017,CA,Sacramento,25-44 yrs,01APR2018:11:21:17,84996,"1,420,705",,
2017,CA,San Benito,25-44 yrs,01APR2018:11:21:17,2831,"53,857",,
2017,CA,San Bernardino,25-44 yrs,01APR2018:11:21:17,111704,"2,032,042",,
2017,CA,San Diego,25-44 yrs,01APR2018:11:21:17,144534,"3,091,958",,
2017,CA,San Francisco,25-44 yrs,01APR2018:11:21:17,36435,"805,232",,
2017,CA,San Joaquin,25-44 yrs,01APR2018:11:21:17,41043,"684,518",,
2017,CA,San Luis Obispo,25-44 yrs,01APR2018:11:21:17,11264,"269,227",,
2017,CA,San Mateo,25-44 yrs,01APR2018:11:21:17,25310,"690,399",,
2017,CA,Santa Barbara,25-44 yrs,01APR2018:11:21:17,18328,"424,106",,
2017,CA,Santa Clara,25-44 yrs,01APR2018:11:21:17,71173,"1,805,212",,
2017,CA,Santa Cruz,25-44 yrs,01APR2018:11:21:17,11957,"280,225",,
2017,CA,Shasta,25-44 yrs,01APR2018:11:21:17,10714,"184,231",,
2017,CA,Sierra,25-44 yrs,01APR2018:11:21:17,97,"2,910",,
2017,CA,Siskiyou,25-44 yrs,01APR2018:11:21:17,2035,"46,055",,
2017,CA,Solano,25-44 yrs,01APR2018:11:21:17,22011,"412,119",,
2017,CA,Sonoma,25-44 yrs,01APR2018:11:21:17,22117,"484,213",,
2017,CA,Stanislaus,25-44 yrs,01APR2018:11:21:17,35979,"518,345",,
2017,CA,Sutter,25-44 yrs,01APR2018:11:21:17,6137,"93,812",,
2017,CA,Tehama,25-44 yrs,01APR2018:11:21:17,3652,"54,639",,
2017,CA,Trinity,25-44 yrs,01APR2018:11:21:17,674,"13,701",,
2017,CA,Tulare,25-44 yrs,01APR2018:11:21:17,24697,"438,352",,
2017,CA,Tuolumne,25-44 yrs,01APR2018:11:21:17,2695,"54,242",,
2017,CA,Ventura,25-44 yrs,01APR2018:11:21:17,37110,"827,963",,
2017,CA,Yolo,25-44 yrs,01APR2018:11:21:17,9223,"202,753",,
2017,CA,Yuba,25-44 yrs,01APR2018:11:21:17,5622,"71,319",,
2017,CA,Alameda,45-64 yrs,01APR2018:11:21:17,83622,"1,515,717",,
2017,CA,Alpine,45-64 yrs,01APR2018:11:21:17,26,"1,115",,
2017,CA,Amador,45-64 yrs,01APR2018:11:21:17,3562,"38,211",,
2017,CA,Butte,45-64 yrs,01APR2018:11:21:17,20602,"220,287",,
2017,CA,Calaveras,45-64 yrs,01APR2018:11:21:17,4575,"45,570",,
2017,CA,Colusa,45-64 yrs,01APR2018:11:21:17,1231,"21,608",,
2017,CA,Contra Costa,45-64 yrs,01APR2018:11:21:17,71889,"1,043,451",,
2017,CA,Del Norte,45-64 yrs,01APR2018:11:21:17,2568,"28,596",,
2017,CA,El Dorado,45-64 yrs,01APR2018:11:21:17,17299,"180,987",,
2017,CA,Fresno,45-64 yrs,01APR2018:11:21:17,62069,"935,100",,
2017,CA,Glenn,45-64 yrs,01APR2018:11:21:17,2275,"28,708",,
2017,CA,Humboldt,45-64 yrs,01APR2018:11:21:17,10851,"134,681",,
2017,CA,Imperial,45-64 yrs,01APR2018:11:21:17,9884,"170,552",,
2017,CA,Inyo,45-64 yrs,01APR2018:11:21:17,1398,"19,497",,
2017,CA,Kern,45-64 yrs,01APR2018:11:21:17,61709,"841,588",,
2017,CA,Kings,45-64 yrs,01APR2018:11:21:17,9036,"151,702",,
2017,CA,Lake,45-64 yrs,01APR2018:11:21:17,7409,"64,599",,
2017,CA,Lassen,45-64 yrs,01APR2018:11:21:17,2444,"37,144",,
2017,CA,Los Angeles,45-64 yrs,01APR2018:11:21:17,498608,"9,811,939",,
2017,CA,Madera,45-64 yrs,01APR2018:11:21:17,9382,"150,446",,
2017,CA,Marin,45-64 yrs,01APR2018:11:21:17,15064,"251,685",,
2017,CA,Mariposa,45-64 yrs,01APR2018:11:21:17,1591,"16,900",,
2017,CA,Mendocino,45-64 yrs,01APR2018:11:21:17,7730,"87,595",,
2017,CA,Merced,45-64 yrs,01APR2018:11:21:17,17304,"254,483",,
2017,CA,Modoc,45-64 yrs,01APR2018:11:21:17,592,"8,506",,
2017,CA,Mono,45-64 yrs,01APR2018:11:21:17,710,"12,975",,
2017,CA,Monterey,45-64 yrs,01APR2018:11:21:17,21105,"402,842",,
2017,CA,Napa,45-64 yrs,01APR2018:11:21:17,8816,"137,050",,
2017,CA,Nevada,45-64 yrs,01APR2018:11:21:17,7875,"95,997",,
2017,CA,Orange,45-64 yrs,01APR2018:11:21:17,169684,"3,016,237",,
2017,CA,Placer,45-64 yrs,01APR2018:11:21:17,27136,"351,384",,
2017,CA,Plumas,45-64 yrs,01APR2018:11:21:17,1611,"18,613",,
2017,CA,Riverside,45-64 yrs,01APR2018:11:21:17,152081,"2,191,564",,
2017,CA,Sacramento,45-64 yrs,01APR2018:11:21:17,107461,"1,420,705",,
2017,CA,San Benito,45-64 yrs,01APR2018:11:21:17,3663,"53,857",,
2017,CA,San Bernardino,45-64 yrs,01APR2018:11:21:17,144798,"2,032,042",,
2017,CA,San Diego,45-64 yrs,01APR2018:11:21:17,186577,"3,091,958",,
2017,CA,San Francisco,45-64 yrs,01APR2018:11:21:17,35716,"805,232",,
2017,CA,San Joaquin,45-64 yrs,01APR2018:11:21:17,50038,"684,518",,
2017,CA,San Luis Obispo,45-64 yrs,01APR2018:11:21:17,18553,"269,227",,
2017,CA,San Mateo,45-64 yrs,01APR2018:11:21:17,34408,"690,399",,
2017,CA,Santa Barbara,45-64 yrs,01APR2018:11:21:17,25400,"424,106",,
2017,CA,Santa Clara,45-64 yrs,01APR2018:11:21:17,83069,"1,805,212",,
2017,CA,Santa Cruz,45-64 yrs,01APR2018:11:21:17,17800,"280,225",,
2017,CA,Shasta,45-64 yrs,01APR2018:11:21:17,17540,"184,231",,
2017,CA,Sierra,45-64 yrs,01APR2018:11:21:17,213,"2,910",,
2017,CA,Siskiyou,45-64 yrs,01APR2018:11:21:17,3772,"46,055",,
2017,CA,Solano,45-64 yrs,01APR2018:11:21:17,30648,"412,119",,
2017,CA,Sonoma,45-64 yrs,01APR2018:11:21:17,35077,"484,213",,
2017,CA,Stanislaus,45-64 yrs,01APR2018:11:21:17,44431,"518,345",,
2017,CA,Sutter,45-64 yrs,01APR2018:11:21:17,7977,"93,812",,
2017,CA,Tehama,45-64 yrs,01APR2018:11:21:17,5188,"54,639",,
2017,CA,Trinity,45-64 yrs,01APR2018:11:21:17,1246,"13,701",,
2017,CA,Tulare,45-64 yrs,01APR2018:11:21:17,28507,"438,352",,
2017,CA,Tuolumne,45-64 yrs,01APR2018:11:21:17,4955,"54,242",,
2017,CA,Ventura,45-64 yrs,01APR2018:11:21:17,54771,"827,963",,
2017,CA,Yolo,45-64 yrs,01APR2018:11:21:17,11716,"202,753",,
2017,CA,Yuba,45-64 yrs,01APR2018:11:21:17,6856,"71,319",,
2017,CA,Alameda,=< 14 yrs,01APR2018:11:21:17,3810,"1,515,717",,
2017,CA,Alpine,=< 14 yrs,01APR2018:11:21:17,0,"1,115",,
2017,CA,Amador,=< 14 yrs,01APR2018:11:21:17,81,"38,211",,
2017,CA,Butte,=< 14 yrs,01APR2018:11:21:17,650,"220,287",,
2017,CA,Calaveras,=< 14 yrs,01APR2018:11:21:17,125,"45,570",,
2017,CA,Colusa,=< 14 yrs,01APR2018:11:21:17,72,"21,608",,
2017,CA,Contra Costa,=< 14 yrs,01APR2018:11:21:17,3370,"1,043,451",,
2017,CA,Del Norte,=< 14 yrs,01APR2018:11:21:17,49,"28,596",,
2017,CA,El Dorado,=< 14 yrs,01APR2018:11:21:17,653,"180,987",,
2017,CA,Fresno,=< 14 yrs,01APR2018:11:21:17,3530,"935,100",,
2017,CA,Glenn,=< 14 yrs,01APR2018:11:21:17,89,"28,708",,
2017,CA,Humboldt,=< 14 yrs,01APR2018:11:21:17,332,"134,681",,
2017,CA,Imperial,=< 14 yrs,01APR2018:11:21:17,621,"170,552",,
2017,CA,Inyo,=< 14 yrs,01APR2018:11:21:17,30,"19,497",,
2017,CA,Kern,=< 14 yrs,01APR2018:11:21:17,2753,"841,588",,
2017,CA,Kings,=< 14 yrs,01APR2018:11:21:17,547,"151,702",,
2017,CA,Lake,=< 14 yrs,01APR2018:11:21:17,221,"64,599",,
2017,CA,Lassen,=< 14 yrs,01APR2018:11:21:17,86,"37,144",,
2017,CA,Los Angeles,=< 14 yrs,01APR2018:11:21:17,17647,"9,811,939",,
2017,CA,Madera,=< 14 yrs,01APR2018:11:21:17,492,"150,446",,
2017,CA,Marin,=< 14 yrs,01APR2018:11:21:17,866,"251,685",,
2017,CA,Mariposa,=< 14 yrs,01APR2018:11:21:17,39,"16,900",,
2017,CA,Mendocino,=< 14 yrs,01APR2018:11:21:17,246,"87,595",,
2017,CA,Merced,=< 14 yrs,01APR2018:11:21:17,1059,"254,483",,
2017,CA,Modoc,=< 14 yrs,01APR2018:11:21:17,16,"8,506",,
2017,CA,Mono,=< 14 yrs,01APR2018:11:21:17,52,"12,975",,
2017,CA,Monterey,=< 14 yrs,01APR2018:11:21:17,1414,"402,842",,
2017,CA,Napa,=< 14 yrs,01APR2018:11:21:17,396,"137,050",,
2017,CA,Nevada,=< 14 yrs,01APR2018:11:21:17,229,"95,997",,
2017,CA,Orange,=< 14 yrs,01APR2018:11:21:17,6413,"3,016,237",,
2017,CA,Placer,=< 14 yrs,01APR2018:11:21:17,1097,"351,384",,
2017,CA,Plumas,=< 14 yrs,01APR2018:11:21:17,30,"18,613",,
2017,CA,Riverside,=< 14 yrs,01APR2018:11:21:17,6108,"2,191,564",,
2017,CA,Sacramento,=< 14 yrs,01APR2018:11:21:17,3862,"1,420,705",,
2017,CA,San Benito,=< 14 yrs,01APR2018:11:21:17,245,"53,857",,
2017,CA,San Bernardino,=< 14 yrs,01APR2018:11:21:17,5812,"2,032,042",,
2017,CA,San Diego,=< 14 yrs,01APR2018:11:21:17,7472,"3,091,958",,
2017,CA,San Francisco,=< 14 yrs,01APR2018:11:21:17,960,"805,232",,
2017,CA,San Joaquin,=< 14 yrs,01APR2018:11:21:17,2296,"684,518",,
2017,CA,San Luis Obispo,=< 14 yrs,01APR2018:11:21:17,607,"269,227",,
2017,CA,San Mateo,=< 14 yrs,01APR2018:11:21:17,1733,"690,399",,
2017,CA,Santa Barbara,=< 14 yrs,01APR2018:11:21:17,1259,"424,106",,
2017,CA,Santa Clara,=< 14 yrs,01APR2018:11:21:17,5095,"1,805,212",,
2017,CA,Santa Cruz,=< 14 yrs,01APR2018:11:21:17,771,"280,225",,
2017,CA,Shasta,=< 14 yrs,01APR2018:11:21:17,447,"184,231",,
2017,CA,Sierra,=< 14 yrs,01APR2018:11:21:17,5,"2,910",,
2017,CA,Siskiyou,=< 14 yrs,01APR2018:11:21:17,106,"46,055",,
2017,CA,Solano,=< 14 yrs,01APR2018:11:21:17,1045,"412,119",,
2017,CA,Sonoma,=< 14 yrs,01APR2018:11:21:17,1243,"484,213",,
2017,CA,Stanislaus,=< 14 yrs,01APR2018:11:21:17,2129,"518,345",,
2017,CA,Sutter,=< 14 yrs,01APR2018:11:21:17,295,"93,812",,
2017,CA,Tehama,=< 14 yrs,01APR2018:11:21:17,181,"54,639",,
2017,CA,Trinity,=< 14 yrs,01APR2018:11:21:17,38,"13,701",,
2017,CA,Tulare,=< 14 yrs,01APR2018:11:21:17,1805,"438,352",,
2017,CA,Tuolumne,=< 14 yrs,01APR2018:11:21:17,142,"54,242",,
2017,CA,Ventura,=< 14 yrs,01APR2018:11:21:17,2225,"827,963",,
2017,CA,Yolo,=< 14 yrs,01APR2018:11:21:17,544,"202,753",,
2017,CA,Yuba,=< 14 yrs,01APR2018:11:21:17,259,"71,319",,
2017,CA,Alameda,>= 65 yrs,01APR2018:11:21:17,60203,"1,515,717",,
2017,CA,Alpine,>= 65 yrs,01APR2018:11:21:17,17,"1,115",,
2017,CA,Amador,>= 65 yrs,01APR2018:11:21:17,3314,"38,211",,
2017,CA,Butte,>= 65 yrs,01APR2018:11:21:17,17190,"220,287",,
2017,CA,Calaveras,>= 65 yrs,01APR2018:11:21:17,3752,"45,570",,
2017,CA,Colusa,>= 65 yrs,01APR2018:11:21:17,932,"21,608",,
2017,CA,Contra Costa,>= 65 yrs,01APR2018:11:21:17,54133,"1,043,451",,
2017,CA,Del Norte,>= 65 yrs,01APR2018:11:21:17,1676,"28,596",,
2017,CA,El Dorado,>= 65 yrs,01APR2018:11:21:17,13243,"180,987",,
2017,CA,Fresno,>= 65 yrs,01APR2018:11:21:17,43894,"935,100",,
2017,CA,Glenn,>= 65 yrs,01APR2018:11:21:17,1675,"28,708",,
2017,CA,Humboldt,>= 65 yrs,01APR2018:11:21:17,8679,"134,681",,
2017,CA,Imperial,>= 65 yrs,01APR2018:11:21:17,7042,"170,552",,
2017,CA,Inyo,>= 65 yrs,01APR2018:11:21:17,1095,"19,497",,
2017,CA,Kern,>= 65 yrs,01APR2018:11:21:17,36563,"841,588",,
2017,CA,Kings,>= 65 yrs,01APR2018:11:21:17,5353,"151,702",,
2017,CA,Lake,>= 65 yrs,01APR2018:11:21:17,5361,"64,599",,
2017,CA,Lassen,>= 65 yrs,01APR2018:11:21:17,1503,"37,144",,
2017,CA,Los Angeles,>= 65 yrs,01APR2018:11:21:17,363668,"9,811,939",,
2017,CA,Madera,>= 65 yrs,01APR2018:11:21:17,6842,"150,446",,
2017,CA,Marin,>= 65 yrs,01APR2018:11:21:17,15520,"251,685",,
2017,CA,Mariposa,>= 65 yrs,01APR2018:11:21:17,1217,"16,900",,
2017,CA,Mendocino,>= 65 yrs,01APR2018:11:21:17,6445,"87,595",,
2017,CA,Merced,>= 65 yrs,01APR2018:11:21:17,10233,"254,483",,
2017,CA,Modoc,>= 65 yrs,01APR2018:11:21:17,481,"8,506",,
2017,CA,Mono,>= 65 yrs,01APR2018:11:21:17,351,"12,975",,
2017,CA,Monterey,>= 65 yrs,01APR2018:11:21:17,15210,"402,842",,
2017,CA,Napa,>= 65 yrs,01APR2018:11:21:17,8578,"137,050",,
2017,CA,Nevada,>= 65 yrs,01APR2018:11:21:17,7869,"95,997",,
2017,CA,Orange,>= 65 yrs,01APR2018:11:21:17,136658,"3,016,237",,
2017,CA,Placer,>= 65 yrs,01APR2018:11:21:17,25362,"351,384",,
2017,CA,Plumas,>= 65 yrs,01APR2018:11:21:17,1181,"18,613",,
2017,CA,Riverside,>= 65 yrs,01APR2018:11:21:17,113977,"2,191,564",,
2017,CA,Sacramento,>= 65 yrs,01APR2018:11:21:17,72555,"1,420,705",,
2017,CA,San Benito,>= 65 yrs,01APR2018:11:21:17,2044,"53,857",,
2017,CA,San Bernardino,>= 65 yrs,01APR2018:11:21:17,88589,"2,032,042",,
2017,CA,San Diego,>= 65 yrs,01APR2018:11:21:17,142540,"3,091,958",,
2017,CA,San Francisco,>= 65 yrs,01APR2018:11:21:17,27607,"805,232",,
2017,CA,San Joaquin,>= 65 yrs,01APR2018:11:21:17,33001,"684,518",,
2017,CA,San Luis Obispo,>= 65 yrs,01APR2018:11:21:17,17654,"269,227",,
2017,CA,San Mateo,>= 65 yrs,01APR2018:11:21:17,28766,"690,399",,
2017,CA,Santa Barbara,>= 65 yrs,01APR2018:11:21:17,20911,"424,106",,
2017,CA,Santa Clara,>= 65 yrs,01APR2018:11:21:17,61673,"1,805,212",,
2017,CA,Santa Cruz,>= 65 yrs,01APR2018:11:21:17,13956,"280,225",,
2017,CA,Shasta,>= 65 yrs,01APR2018:11:21:17,15299,"184,231",,
2017,CA,Sierra,>= 65 yrs,01APR2018:11:21:17,166,"2,910",,
2017,CA,Siskiyou,>= 65 yrs,01APR2018:11:21:17,3091,"46,055",,
2017,CA,Solano,>= 65 yrs,01APR2018:11:21:17,19757,"412,119",,
2017,CA,Sonoma,>= 65 yrs,01APR2018:11:21:17,30190,"484,213",,
2017,CA,Stanislaus,>= 65 yrs,01APR2018:11:21:17,30500,"518,345",,
2017,CA,Sutter,>= 65 yrs,01APR2018:11:21:17,6032,"93,812",,
2017,CA,Tehama,>= 65 yrs,01APR2018:11:21:17,3865,"54,639",,
2017,CA,Trinity,>= 65 yrs,01APR2018:11:21:17,1020,"13,701",,
2017,CA,Tulare,>= 65 yrs,01APR2018:11:21:17,18628,"438,352",,
2017,CA,Tuolumne,>= 65 yrs,01APR2018:11:21:17,4738,"54,242",,
2017,CA,Ventura,>= 65 yrs,01APR2018:11:21:17,40867,"827,963",,
2017,CA,Yolo,>= 65 yrs,01APR2018:11:21:17,8527,"202,753",,
2017,CA,Yuba,>= 65 yrs,01APR2018:11:21:17,3879,"71,319",,
