xYear,xMonth,State,County,Age_Group,rundatetime,PatCount_Opioid,Population
2018,1,CA,Alameda,15-24 yrs,01JUL2018:03:52:53,1619,"1,515,717"
2018,1,CA,Alpine,15-24 yrs,01JUL2018:03:52:53,4,"1,115"
2018,1,CA,Amador,15-24 yrs,01JUL2018:03:52:53,52,"38,211"
2018,1,CA,Butte,15-24 yrs,01JUL2018:03:52:53,411,"220,287"
2018,1,CA,Calaveras,15-24 yrs,01JUL2018:03:52:53,60,"45,570"
2018,1,CA,Colusa,15-24 yrs,01JUL2018:03:52:53,31,"21,608"
2018,1,CA,Contra Costa,15-24 yrs,01JUL2018:03:52:53,1470,"1,043,451"
2018,1,CA,Del Norte,15-24 yrs,01JUL2018:03:52:53,35,"28,596"
2018,1,CA,El Dorado,15-24 yrs,01JUL2018:03:52:53,320,"180,987"
2018,1,CA,Fresno,15-24 yrs,01JUL2018:03:52:53,1601,"935,100"
2018,1,CA,Glenn,15-24 yrs,01JUL2018:03:52:53,41,"28,708"
2018,1,CA,Humboldt,15-24 yrs,01JUL2018:03:52:53,211,"134,681"
2018,1,CA,Imperial,15-24 yrs,01JUL2018:03:52:53,275,"170,552"
2018,1,CA,Inyo,15-24 yrs,01JUL2018:03:52:53,19,"19,497"
2018,1,CA,Kern,15-24 yrs,01JUL2018:03:52:53,1551,"841,588"
2018,1,CA,Kings,15-24 yrs,01JUL2018:03:52:53,251,"151,702"
2018,1,CA,Lake,15-24 yrs,01JUL2018:03:52:53,104,"64,599"
2018,1,CA,Lassen,15-24 yrs,01JUL2018:03:52:53,36,"37,144"
2018,1,CA,Los Angeles,15-24 yrs,01JUL2018:03:52:53,10578,"9,811,939"
2018,1,CA,Madera,15-24 yrs,01JUL2018:03:52:53,234,"150,446"
2018,1,CA,Marin,15-24 yrs,01JUL2018:03:52:53,301,"251,685"
2018,1,CA,Mariposa,15-24 yrs,01JUL2018:03:52:53,16,"16,900"
2018,1,CA,Mendocino,15-24 yrs,01JUL2018:03:52:53,130,"87,595"
2018,1,CA,Merced,15-24 yrs,01JUL2018:03:52:53,453,"254,483"
2018,1,CA,Modoc,15-24 yrs,01JUL2018:03:52:53,12,"8,506"
2018,1,CA,Mono,15-24 yrs,01JUL2018:03:52:53,16,"12,975"
2018,1,CA,Monterey,15-24 yrs,01JUL2018:03:52:53,535,"402,842"
2018,1,CA,Napa,15-24 yrs,01JUL2018:03:52:53,189,"137,050"
2018,1,CA,Nevada,15-24 yrs,01JUL2018:03:52:53,102,"95,997"
2018,1,CA,Orange,15-24 yrs,01JUL2018:03:52:53,3911,"3,016,237"
2018,1,CA,Placer,15-24 yrs,01JUL2018:03:52:53,595,"351,384"
2018,1,CA,Plumas,15-24 yrs,01JUL2018:03:52:53,21,"18,613"
2018,1,CA,Riverside,15-24 yrs,01JUL2018:03:52:53,3365,"2,191,564"
2018,1,CA,Sacramento,15-24 yrs,01JUL2018:03:52:53,2230,"1,420,705"
2018,1,CA,San Benito,15-24 yrs,01JUL2018:03:52:53,84,"53,857"
2018,1,CA,San Bernardino,15-24 yrs,01JUL2018:03:52:53,3156,"2,032,042"
2018,1,CA,San Diego,15-24 yrs,01JUL2018:03:52:53,3924,"3,091,958"
2018,1,CA,San Francisco,15-24 yrs,01JUL2018:03:52:53,617,"805,232"
2018,1,CA,San Joaquin,15-24 yrs,01JUL2018:03:52:53,1177,"684,518"
2018,1,CA,San Luis Obispo,15-24 yrs,01JUL2018:03:52:53,349,"269,227"
2018,1,CA,San Mateo,15-24 yrs,01JUL2018:03:52:53,735,"690,399"
2018,1,CA,Santa Barbara,15-24 yrs,01JUL2018:03:52:53,593,"424,106"
2018,1,CA,Santa Clara,15-24 yrs,01JUL2018:03:52:53,2066,"1,805,212"
2018,1,CA,Santa Cruz,15-24 yrs,01JUL2018:03:52:53,415,"280,225"
2018,1,CA,Shasta,15-24 yrs,01JUL2018:03:52:53,283,"184,231"
2018,1,CA,Sierra,15-24 yrs,01JUL2018:03:52:53,1,"2,910"
2018,1,CA,Siskiyou,15-24 yrs,01JUL2018:03:52:53,60,"46,055"
2018,1,CA,Solano,15-24 yrs,01JUL2018:03:52:53,695,"412,119"
2018,1,CA,Sonoma,15-24 yrs,01JUL2018:03:52:53,611,"484,213"
2018,1,CA,Stanislaus,15-24 yrs,01JUL2018:03:52:53,1075,"518,345"
2018,1,CA,Sutter,15-24 yrs,01JUL2018:03:52:53,183,"93,812"
2018,1,CA,Tehama,15-24 yrs,01JUL2018:03:52:53,90,"54,639"
2018,1,CA,Trinity,15-24 yrs,01JUL2018:03:52:53,14,"13,701"
2018,1,CA,Tulare,15-24 yrs,01JUL2018:03:52:53,725,"438,352"
2018,1,CA,Tuolumne,15-24 yrs,01JUL2018:03:52:53,71,"54,242"
2018,1,CA,Ventura,15-24 yrs,01JUL2018:03:52:53,1140,"827,963"
2018,1,CA,Yolo,15-24 yrs,01JUL2018:03:52:53,321,"202,753"
2018,1,CA,Yuba,15-24 yrs,01JUL2018:03:52:53,133,"71,319"
2018,1,CA,Alameda,25-44 yrs,01JUL2018:03:52:53,8844,"1,515,717"
2018,1,CA,Alpine,25-44 yrs,01JUL2018:03:52:53,4,"1,115"
2018,1,CA,Amador,25-44 yrs,01JUL2018:03:52:53,295,"38,211"
2018,1,CA,Butte,25-44 yrs,01JUL2018:03:52:53,2628,"220,287"
2018,1,CA,Calaveras,25-44 yrs,01JUL2018:03:52:53,377,"45,570"
2018,1,CA,Colusa,25-44 yrs,01JUL2018:03:52:53,154,"21,608"
2018,1,CA,Contra Costa,25-44 yrs,01JUL2018:03:52:53,7413,"1,043,451"
2018,1,CA,Del Norte,25-44 yrs,01JUL2018:03:52:53,266,"28,596"
2018,1,CA,El Dorado,25-44 yrs,01JUL2018:03:52:53,1426,"180,987"
2018,1,CA,Fresno,25-44 yrs,01JUL2018:03:52:53,7728,"935,100"
2018,1,CA,Glenn,25-44 yrs,01JUL2018:03:52:53,311,"28,708"
2018,1,CA,Humboldt,25-44 yrs,01JUL2018:03:52:53,1378,"134,681"
2018,1,CA,Imperial,25-44 yrs,01JUL2018:03:52:53,1119,"170,552"
2018,1,CA,Inyo,25-44 yrs,01JUL2018:03:52:53,125,"19,497"
2018,1,CA,Kern,25-44 yrs,01JUL2018:03:52:53,7876,"841,588"
2018,1,CA,Kings,25-44 yrs,01JUL2018:03:52:53,1335,"151,702"
2018,1,CA,Lake,25-44 yrs,01JUL2018:03:52:53,606,"64,599"
2018,1,CA,Lassen,25-44 yrs,01JUL2018:03:52:53,258,"37,144"
2018,1,CA,Los Angeles,25-44 yrs,01JUL2018:03:52:53,48452,"9,811,939"
2018,1,CA,Madera,25-44 yrs,01JUL2018:03:52:53,1023,"150,446"
2018,1,CA,Marin,25-44 yrs,01JUL2018:03:52:53,1018,"251,685"
2018,1,CA,Mariposa,25-44 yrs,01JUL2018:03:52:53,104,"16,900"
2018,1,CA,Mendocino,25-44 yrs,01JUL2018:03:52:53,806,"87,595"
2018,1,CA,Merced,25-44 yrs,01JUL2018:03:52:53,2229,"254,483"
2018,1,CA,Modoc,25-44 yrs,01JUL2018:03:52:53,51,"8,506"
2018,1,CA,Mono,25-44 yrs,01JUL2018:03:52:53,63,"12,975"
2018,1,CA,Monterey,25-44 yrs,01JUL2018:03:52:53,2311,"402,842"
2018,1,CA,Napa,25-44 yrs,01JUL2018:03:52:53,855,"137,050"
2018,1,CA,Nevada,25-44 yrs,01JUL2018:03:52:53,744,"95,997"
2018,1,CA,Orange,25-44 yrs,01JUL2018:03:52:53,16108,"3,016,237"
2018,1,CA,Placer,25-44 yrs,01JUL2018:03:52:53,2738,"351,384"
2018,1,CA,Plumas,25-44 yrs,01JUL2018:03:52:53,147,"18,613"
2018,1,CA,Riverside,25-44 yrs,01JUL2018:03:52:53,16551,"2,191,564"
2018,1,CA,Sacramento,25-44 yrs,01JUL2018:03:52:53,12656,"1,420,705"
2018,1,CA,San Benito,25-44 yrs,01JUL2018:03:52:53,360,"53,857"
2018,1,CA,San Bernardino,25-44 yrs,01JUL2018:03:52:53,16817,"2,032,042"
2018,1,CA,San Diego,25-44 yrs,01JUL2018:03:52:53,18287,"3,091,958"
2018,1,CA,San Francisco,25-44 yrs,01JUL2018:03:52:53,4122,"805,232"
2018,1,CA,San Joaquin,25-44 yrs,01JUL2018:03:52:53,5944,"684,518"
2018,1,CA,San Luis Obispo,25-44 yrs,01JUL2018:03:52:53,1766,"269,227"
2018,1,CA,San Mateo,25-44 yrs,01JUL2018:03:52:53,3033,"690,399"
2018,1,CA,Santa Barbara,25-44 yrs,01JUL2018:03:52:53,2556,"424,106"
2018,1,CA,Santa Clara,25-44 yrs,01JUL2018:03:52:53,8087,"1,805,212"
2018,1,CA,Santa Cruz,25-44 yrs,01JUL2018:03:52:53,1549,"280,225"
2018,1,CA,Shasta,25-44 yrs,01JUL2018:03:52:53,1885,"184,231"
2018,1,CA,Sierra,25-44 yrs,01JUL2018:03:52:53,19,"2,910"
2018,1,CA,Siskiyou,25-44 yrs,01JUL2018:03:52:53,364,"46,055"
2018,1,CA,Solano,25-44 yrs,01JUL2018:03:52:53,3550,"412,119"
2018,1,CA,Sonoma,25-44 yrs,01JUL2018:03:52:53,3359,"484,213"
2018,1,CA,Stanislaus,25-44 yrs,01JUL2018:03:52:53,5949,"518,345"
2018,1,CA,Sutter,25-44 yrs,01JUL2018:03:52:53,1143,"93,812"
2018,1,CA,Tehama,25-44 yrs,01JUL2018:03:52:53,611,"54,639"
2018,1,CA,Trinity,25-44 yrs,01JUL2018:03:52:53,144,"13,701"
2018,1,CA,Tulare,25-44 yrs,01JUL2018:03:52:53,3731,"438,352"
2018,1,CA,Tuolumne,25-44 yrs,01JUL2018:03:52:53,455,"54,242"
2018,1,CA,Ventura,25-44 yrs,01JUL2018:03:52:53,5400,"827,963"
2018,1,CA,Yolo,25-44 yrs,01JUL2018:03:52:53,1243,"202,753"
2018,1,CA,Yuba,25-44 yrs,01JUL2018:03:52:53,982,"71,319"
2018,1,CA,Alameda,45-64 yrs,01JUL2018:03:52:53,17814,"1,515,717"
2018,1,CA,Alpine,45-64 yrs,01JUL2018:03:52:53,4,"1,115"
2018,1,CA,Amador,45-64 yrs,01JUL2018:03:52:53,924,"38,211"
2018,1,CA,Butte,45-64 yrs,01JUL2018:03:52:53,6343,"220,287"
2018,1,CA,Calaveras,45-64 yrs,01JUL2018:03:52:53,1258,"45,570"
2018,1,CA,Colusa,45-64 yrs,01JUL2018:03:52:53,314,"21,608"
2018,1,CA,Contra Costa,45-64 yrs,01JUL2018:03:52:53,16804,"1,043,451"
2018,1,CA,Del Norte,45-64 yrs,01JUL2018:03:52:53,801,"28,596"
2018,1,CA,El Dorado,45-64 yrs,01JUL2018:03:52:53,4030,"180,987"
2018,1,CA,Fresno,45-64 yrs,01JUL2018:03:52:53,15054,"935,100"
2018,1,CA,Glenn,45-64 yrs,01JUL2018:03:52:53,646,"28,708"
2018,1,CA,Humboldt,45-64 yrs,01JUL2018:03:52:53,3081,"134,681"
2018,1,CA,Imperial,45-64 yrs,01JUL2018:03:52:53,2095,"170,552"
2018,1,CA,Inyo,45-64 yrs,01JUL2018:03:52:53,319,"19,497"
2018,1,CA,Kern,45-64 yrs,01JUL2018:03:52:53,15675,"841,588"
2018,1,CA,Kings,45-64 yrs,01JUL2018:03:52:53,2413,"151,702"
2018,1,CA,Lake,45-64 yrs,01JUL2018:03:52:53,1927,"64,599"
2018,1,CA,Lassen,45-64 yrs,01JUL2018:03:52:53,661,"37,144"
2018,1,CA,Los Angeles,45-64 yrs,01JUL2018:03:52:53,93957,"9,811,939"
2018,1,CA,Madera,45-64 yrs,01JUL2018:03:52:53,2360,"150,446"
2018,1,CA,Marin,45-64 yrs,01JUL2018:03:52:53,2870,"251,685"
2018,1,CA,Mariposa,45-64 yrs,01JUL2018:03:52:53,403,"16,900"
2018,1,CA,Mendocino,45-64 yrs,01JUL2018:03:52:53,1965,"87,595"
2018,1,CA,Merced,45-64 yrs,01JUL2018:03:52:53,4200,"254,483"
2018,1,CA,Modoc,45-64 yrs,01JUL2018:03:52:53,191,"8,506"
2018,1,CA,Mono,45-64 yrs,01JUL2018:03:52:53,101,"12,975"
2018,1,CA,Monterey,45-64 yrs,01JUL2018:03:52:53,4107,"402,842"
2018,1,CA,Napa,45-64 yrs,01JUL2018:03:52:53,2071,"137,050"
2018,1,CA,Nevada,45-64 yrs,01JUL2018:03:52:53,1917,"95,997"
2018,1,CA,Orange,45-64 yrs,01JUL2018:03:52:53,33060,"3,016,237"
2018,1,CA,Placer,45-64 yrs,01JUL2018:03:52:53,6515,"351,384"
2018,1,CA,Plumas,45-64 yrs,01JUL2018:03:52:53,466,"18,613"
2018,1,CA,Riverside,45-64 yrs,01JUL2018:03:52:53,34746,"2,191,564"
2018,1,CA,Sacramento,45-64 yrs,01JUL2018:03:52:53,26874,"1,420,705"
2018,1,CA,San Benito,45-64 yrs,01JUL2018:03:52:53,684,"53,857"
2018,1,CA,San Bernardino,45-64 yrs,01JUL2018:03:52:53,35358,"2,032,042"
2018,1,CA,San Diego,45-64 yrs,01JUL2018:03:52:53,36623,"3,091,958"
2018,1,CA,San Francisco,45-64 yrs,01JUL2018:03:52:53,6692,"805,232"
2018,1,CA,San Joaquin,45-64 yrs,01JUL2018:03:52:53,12051,"684,518"
2018,1,CA,San Luis Obispo,45-64 yrs,01JUL2018:03:52:53,4357,"269,227"
2018,1,CA,San Mateo,45-64 yrs,01JUL2018:03:52:53,6313,"690,399"
2018,1,CA,Santa Barbara,45-64 yrs,01JUL2018:03:52:53,5508,"424,106"
2018,1,CA,Santa Clara,45-64 yrs,01JUL2018:03:52:53,14195,"1,805,212"
2018,1,CA,Santa Cruz,45-64 yrs,01JUL2018:03:52:53,3597,"280,225"
2018,1,CA,Shasta,45-64 yrs,01JUL2018:03:52:53,4978,"184,231"
2018,1,CA,Sierra,45-64 yrs,01JUL2018:03:52:53,35,"2,910"
2018,1,CA,Siskiyou,45-64 yrs,01JUL2018:03:52:53,1199,"46,055"
2018,1,CA,Solano,45-64 yrs,01JUL2018:03:52:53,7845,"412,119"
2018,1,CA,Sonoma,45-64 yrs,01JUL2018:03:52:53,8373,"484,213"
2018,1,CA,Stanislaus,45-64 yrs,01JUL2018:03:52:53,12425,"518,345"
2018,1,CA,Sutter,45-64 yrs,01JUL2018:03:52:53,2202,"93,812"
2018,1,CA,Tehama,45-64 yrs,01JUL2018:03:52:53,1611,"54,639"
2018,1,CA,Trinity,45-64 yrs,01JUL2018:03:52:53,393,"13,701"
2018,1,CA,Tulare,45-64 yrs,01JUL2018:03:52:53,7327,"438,352"
2018,1,CA,Tuolumne,45-64 yrs,01JUL2018:03:52:53,1488,"54,242"
2018,1,CA,Ventura,45-64 yrs,01JUL2018:03:52:53,11864,"827,963"
2018,1,CA,Yolo,45-64 yrs,01JUL2018:03:52:53,2706,"202,753"
2018,1,CA,Yuba,45-64 yrs,01JUL2018:03:52:53,2093,"71,319"
2018,1,CA,Alameda,=< 14 yrs,01JUL2018:03:52:53,260,"1,515,717"
2018,1,CA,Alpine,=< 14 yrs,01JUL2018:03:52:53,1,"1,115"
2018,1,CA,Amador,=< 14 yrs,01JUL2018:03:52:53,4,"38,211"
2018,1,CA,Butte,=< 14 yrs,01JUL2018:03:52:53,42,"220,287"
2018,1,CA,Calaveras,=< 14 yrs,01JUL2018:03:52:53,3,"45,570"
2018,1,CA,Colusa,=< 14 yrs,01JUL2018:03:52:53,4,"21,608"
2018,1,CA,Contra Costa,=< 14 yrs,01JUL2018:03:52:53,231,"1,043,451"
2018,1,CA,Del Norte,=< 14 yrs,01JUL2018:03:52:53,3,"28,596"
2018,1,CA,El Dorado,=< 14 yrs,01JUL2018:03:52:53,41,"180,987"
2018,1,CA,Fresno,=< 14 yrs,01JUL2018:03:52:53,241,"935,100"
2018,1,CA,Glenn,=< 14 yrs,01JUL2018:03:52:53,1,"28,708"
2018,1,CA,Humboldt,=< 14 yrs,01JUL2018:03:52:53,22,"134,681"
2018,1,CA,Imperial,=< 14 yrs,01JUL2018:03:52:53,43,"170,552"
2018,1,CA,Inyo,=< 14 yrs,01JUL2018:03:52:53,2,"19,497"
2018,1,CA,Kern,=< 14 yrs,01JUL2018:03:52:53,189,"841,588"
2018,1,CA,Kings,=< 14 yrs,01JUL2018:03:52:53,29,"151,702"
2018,1,CA,Lake,=< 14 yrs,01JUL2018:03:52:53,15,"64,599"
2018,1,CA,Lassen,=< 14 yrs,01JUL2018:03:52:53,8,"37,144"
2018,1,CA,Los Angeles,=< 14 yrs,01JUL2018:03:52:53,1293,"9,811,939"
2018,1,CA,Madera,=< 14 yrs,01JUL2018:03:52:53,39,"150,446"
2018,1,CA,Marin,=< 14 yrs,01JUL2018:03:52:53,75,"251,685"
2018,1,CA,Mariposa,=< 14 yrs,01JUL2018:03:52:53,1,"16,900"
2018,1,CA,Mendocino,=< 14 yrs,01JUL2018:03:52:53,18,"87,595"
2018,1,CA,Merced,=< 14 yrs,01JUL2018:03:52:53,82,"254,483"
2018,1,CA,Modoc,=< 14 yrs,01JUL2018:03:52:53,1,"8,506"
2018,1,CA,Mono,=< 14 yrs,01JUL2018:03:52:53,4,"12,975"
2018,1,CA,Monterey,=< 14 yrs,01JUL2018:03:52:53,112,"402,842"
2018,1,CA,Napa,=< 14 yrs,01JUL2018:03:52:53,34,"137,050"
2018,1,CA,Nevada,=< 14 yrs,01JUL2018:03:52:53,19,"95,997"
2018,1,CA,Orange,=< 14 yrs,01JUL2018:03:52:53,430,"3,016,237"
2018,1,CA,Placer,=< 14 yrs,01JUL2018:03:52:53,64,"351,384"
2018,1,CA,Plumas,=< 14 yrs,01JUL2018:03:52:53,2,"18,613"
2018,1,CA,Riverside,=< 14 yrs,01JUL2018:03:52:53,510,"2,191,564"
2018,1,CA,Sacramento,=< 14 yrs,01JUL2018:03:52:53,276,"1,420,705"
2018,1,CA,San Benito,=< 14 yrs,01JUL2018:03:52:53,13,"53,857"
2018,1,CA,San Bernardino,=< 14 yrs,01JUL2018:03:52:53,431,"2,032,042"
2018,1,CA,San Diego,=< 14 yrs,01JUL2018:03:52:53,580,"3,091,958"
2018,1,CA,San Francisco,=< 14 yrs,01JUL2018:03:52:53,70,"805,232"
2018,1,CA,San Joaquin,=< 14 yrs,01JUL2018:03:52:53,155,"684,518"
2018,1,CA,San Luis Obispo,=< 14 yrs,01JUL2018:03:52:53,47,"269,227"
2018,1,CA,San Mateo,=< 14 yrs,01JUL2018:03:52:53,125,"690,399"
2018,1,CA,Santa Barbara,=< 14 yrs,01JUL2018:03:52:53,84,"424,106"
2018,1,CA,Santa Clara,=< 14 yrs,01JUL2018:03:52:53,309,"1,805,212"
2018,1,CA,Santa Cruz,=< 14 yrs,01JUL2018:03:52:53,51,"280,225"
2018,1,CA,Shasta,=< 14 yrs,01JUL2018:03:52:53,41,"184,231"
2018,1,CA,Sierra,=< 14 yrs,01JUL2018:03:52:53,0,"2,910"
2018,1,CA,Siskiyou,=< 14 yrs,01JUL2018:03:52:53,8,"46,055"
2018,1,CA,Solano,=< 14 yrs,01JUL2018:03:52:53,69,"412,119"
2018,1,CA,Sonoma,=< 14 yrs,01JUL2018:03:52:53,90,"484,213"
2018,1,CA,Stanislaus,=< 14 yrs,01JUL2018:03:52:53,162,"518,345"
2018,1,CA,Sutter,=< 14 yrs,01JUL2018:03:52:53,24,"93,812"
2018,1,CA,Tehama,=< 14 yrs,01JUL2018:03:52:53,16,"54,639"
2018,1,CA,Trinity,=< 14 yrs,01JUL2018:03:52:53,1,"13,701"
2018,1,CA,Tulare,=< 14 yrs,01JUL2018:03:52:53,145,"438,352"
2018,1,CA,Tuolumne,=< 14 yrs,01JUL2018:03:52:53,7,"54,242"
2018,1,CA,Ventura,=< 14 yrs,01JUL2018:03:52:53,151,"827,963"
2018,1,CA,Yolo,=< 14 yrs,01JUL2018:03:52:53,38,"202,753"
2018,1,CA,Yuba,=< 14 yrs,01JUL2018:03:52:53,24,"71,319"
2018,1,CA,Alameda,>= 65 yrs,01JUL2018:03:52:53,13561,"1,515,717"
2018,1,CA,Alpine,>= 65 yrs,01JUL2018:03:52:53,6,"1,115"
2018,1,CA,Amador,>= 65 yrs,01JUL2018:03:52:53,826,"38,211"
2018,1,CA,Butte,>= 65 yrs,01JUL2018:03:52:53,5119,"220,287"
2018,1,CA,Calaveras,>= 65 yrs,01JUL2018:03:52:53,976,"45,570"
2018,1,CA,Colusa,>= 65 yrs,01JUL2018:03:52:53,285,"21,608"
2018,1,CA,Contra Costa,>= 65 yrs,01JUL2018:03:52:53,12939,"1,043,451"
2018,1,CA,Del Norte,>= 65 yrs,01JUL2018:03:52:53,555,"28,596"
2018,1,CA,El Dorado,>= 65 yrs,01JUL2018:03:52:53,3347,"180,987"
2018,1,CA,Fresno,>= 65 yrs,01JUL2018:03:52:53,10747,"935,100"
2018,1,CA,Glenn,>= 65 yrs,01JUL2018:03:52:53,480,"28,708"
2018,1,CA,Humboldt,>= 65 yrs,01JUL2018:03:52:53,2542,"134,681"
2018,1,CA,Imperial,>= 65 yrs,01JUL2018:03:52:53,1520,"170,552"
2018,1,CA,Inyo,>= 65 yrs,01JUL2018:03:52:53,288,"19,497"
2018,1,CA,Kern,>= 65 yrs,01JUL2018:03:52:53,9505,"841,588"
2018,1,CA,Kings,>= 65 yrs,01JUL2018:03:52:53,1477,"151,702"
2018,1,CA,Lake,>= 65 yrs,01JUL2018:03:52:53,1428,"64,599"
2018,1,CA,Lassen,>= 65 yrs,01JUL2018:03:52:53,399,"37,144"
2018,1,CA,Los Angeles,>= 65 yrs,01JUL2018:03:52:53,73486,"9,811,939"
2018,1,CA,Madera,>= 65 yrs,01JUL2018:03:52:53,1800,"150,446"
2018,1,CA,Marin,>= 65 yrs,01JUL2018:03:52:53,3388,"251,685"
2018,1,CA,Mariposa,>= 65 yrs,01JUL2018:03:52:53,359,"16,900"
2018,1,CA,Mendocino,>= 65 yrs,01JUL2018:03:52:53,1767,"87,595"
2018,1,CA,Merced,>= 65 yrs,01JUL2018:03:52:53,2620,"254,483"
2018,1,CA,Modoc,>= 65 yrs,01JUL2018:03:52:53,139,"8,506"
2018,1,CA,Mono,>= 65 yrs,01JUL2018:03:52:53,50,"12,975"
2018,1,CA,Monterey,>= 65 yrs,01JUL2018:03:52:53,3098,"402,842"
2018,1,CA,Napa,>= 65 yrs,01JUL2018:03:52:53,2043,"137,050"
2018,1,CA,Nevada,>= 65 yrs,01JUL2018:03:52:53,1881,"95,997"
2018,1,CA,Orange,>= 65 yrs,01JUL2018:03:52:53,27368,"3,016,237"
2018,1,CA,Placer,>= 65 yrs,01JUL2018:03:52:53,6081,"351,384"
2018,1,CA,Plumas,>= 65 yrs,01JUL2018:03:52:53,296,"18,613"
2018,1,CA,Riverside,>= 65 yrs,01JUL2018:03:52:53,26735,"2,191,564"
2018,1,CA,Sacramento,>= 65 yrs,01JUL2018:03:52:53,19034,"1,420,705"
2018,1,CA,San Benito,>= 65 yrs,01JUL2018:03:52:53,413,"53,857"
2018,1,CA,San Bernardino,>= 65 yrs,01JUL2018:03:52:53,22313,"2,032,042"
2018,1,CA,San Diego,>= 65 yrs,01JUL2018:03:52:53,29608,"3,091,958"
2018,1,CA,San Francisco,>= 65 yrs,01JUL2018:03:52:53,5647,"805,232"
2018,1,CA,San Joaquin,>= 65 yrs,01JUL2018:03:52:53,8442,"684,518"
2018,1,CA,San Luis Obispo,>= 65 yrs,01JUL2018:03:52:53,3994,"269,227"
2018,1,CA,San Mateo,>= 65 yrs,01JUL2018:03:52:53,5684,"690,399"
2018,1,CA,Santa Barbara,>= 65 yrs,01JUL2018:03:52:53,4370,"424,106"
2018,1,CA,Santa Clara,>= 65 yrs,01JUL2018:03:52:53,11426,"1,805,212"
2018,1,CA,Santa Cruz,>= 65 yrs,01JUL2018:03:52:53,3063,"280,225"
2018,1,CA,Shasta,>= 65 yrs,01JUL2018:03:52:53,4312,"184,231"
2018,1,CA,Sierra,>= 65 yrs,01JUL2018:03:52:53,37,"2,910"
2018,1,CA,Siskiyou,>= 65 yrs,01JUL2018:03:52:53,898,"46,055"
2018,1,CA,Solano,>= 65 yrs,01JUL2018:03:52:53,5392,"412,119"
2018,1,CA,Sonoma,>= 65 yrs,01JUL2018:03:52:53,7167,"484,213"
2018,1,CA,Stanislaus,>= 65 yrs,01JUL2018:03:52:53,8854,"518,345"
2018,1,CA,Sutter,>= 65 yrs,01JUL2018:03:52:53,1671,"93,812"
2018,1,CA,Tehama,>= 65 yrs,01JUL2018:03:52:53,1192,"54,639"
2018,1,CA,Trinity,>= 65 yrs,01JUL2018:03:52:53,337,"13,701"
2018,1,CA,Tulare,>= 65 yrs,01JUL2018:03:52:53,5127,"438,352"
2018,1,CA,Tuolumne,>= 65 yrs,01JUL2018:03:52:53,1351,"54,242"
2018,1,CA,Ventura,>= 65 yrs,01JUL2018:03:52:53,9054,"827,963"
2018,1,CA,Yolo,>= 65 yrs,01JUL2018:03:52:53,2087,"202,753"
2018,1,CA,Yuba,>= 65 yrs,01JUL2018:03:52:53,1253,"71,319"
2018,2,CA,Alameda,15-24 yrs,01JUL2018:03:52:53,1341,"1,515,717"
2018,2,CA,Alpine,15-24 yrs,01JUL2018:03:52:53,1,"1,115"
2018,2,CA,Amador,15-24 yrs,01JUL2018:03:52:53,42,"38,211"
2018,2,CA,Butte,15-24 yrs,01JUL2018:03:52:53,365,"220,287"
2018,2,CA,Calaveras,15-24 yrs,01JUL2018:03:52:53,52,"45,570"
2018,2,CA,Colusa,15-24 yrs,01JUL2018:03:52:53,29,"21,608"
2018,2,CA,Contra Costa,15-24 yrs,01JUL2018:03:52:53,1187,"1,043,451"
2018,2,CA,Del Norte,15-24 yrs,01JUL2018:03:52:53,25,"28,596"
2018,2,CA,El Dorado,15-24 yrs,01JUL2018:03:52:53,276,"180,987"
2018,2,CA,Fresno,15-24 yrs,01JUL2018:03:52:53,1443,"935,100"
2018,2,CA,Glenn,15-24 yrs,01JUL2018:03:52:53,41,"28,708"
2018,2,CA,Humboldt,15-24 yrs,01JUL2018:03:52:53,175,"134,681"
2018,2,CA,Imperial,15-24 yrs,01JUL2018:03:52:53,236,"170,552"
2018,2,CA,Inyo,15-24 yrs,01JUL2018:03:52:53,13,"19,497"
2018,2,CA,Kern,15-24 yrs,01JUL2018:03:52:53,1431,"841,588"
2018,2,CA,Kings,15-24 yrs,01JUL2018:03:52:53,221,"151,702"
2018,2,CA,Lake,15-24 yrs,01JUL2018:03:52:53,80,"64,599"
2018,2,CA,Lassen,15-24 yrs,01JUL2018:03:52:53,34,"37,144"
2018,2,CA,Los Angeles,15-24 yrs,01JUL2018:03:52:53,8671,"9,811,939"
2018,2,CA,Madera,15-24 yrs,01JUL2018:03:52:53,203,"150,446"
2018,2,CA,Marin,15-24 yrs,01JUL2018:03:52:53,205,"251,685"
2018,2,CA,Mariposa,15-24 yrs,01JUL2018:03:52:53,10,"16,900"
2018,2,CA,Mendocino,15-24 yrs,01JUL2018:03:52:53,106,"87,595"
2018,2,CA,Merced,15-24 yrs,01JUL2018:03:52:53,417,"254,483"
2018,2,CA,Modoc,15-24 yrs,01JUL2018:03:52:53,14,"8,506"
2018,2,CA,Mono,15-24 yrs,01JUL2018:03:52:53,14,"12,975"
2018,2,CA,Monterey,15-24 yrs,01JUL2018:03:52:53,436,"402,842"
2018,2,CA,Napa,15-24 yrs,01JUL2018:03:52:53,145,"137,050"
2018,2,CA,Nevada,15-24 yrs,01JUL2018:03:52:53,102,"95,997"
2018,2,CA,Orange,15-24 yrs,01JUL2018:03:52:53,3018,"3,016,237"
2018,2,CA,Placer,15-24 yrs,01JUL2018:03:52:53,455,"351,384"
2018,2,CA,Plumas,15-24 yrs,01JUL2018:03:52:53,15,"18,613"
2018,2,CA,Riverside,15-24 yrs,01JUL2018:03:52:53,2820,"2,191,564"
2018,2,CA,Sacramento,15-24 yrs,01JUL2018:03:52:53,1820,"1,420,705"
2018,2,CA,San Benito,15-24 yrs,01JUL2018:03:52:53,71,"53,857"
2018,2,CA,San Bernardino,15-24 yrs,01JUL2018:03:52:53,2718,"2,032,042"
2018,2,CA,San Diego,15-24 yrs,01JUL2018:03:52:53,3079,"3,091,958"
2018,2,CA,San Francisco,15-24 yrs,01JUL2018:03:52:53,463,"805,232"
2018,2,CA,San Joaquin,15-24 yrs,01JUL2018:03:52:53,977,"684,518"
2018,2,CA,San Luis Obispo,15-24 yrs,01JUL2018:03:52:53,306,"269,227"
2018,2,CA,San Mateo,15-24 yrs,01JUL2018:03:52:53,535,"690,399"
2018,2,CA,Santa Barbara,15-24 yrs,01JUL2018:03:52:53,473,"424,106"
2018,2,CA,Santa Clara,15-24 yrs,01JUL2018:03:52:53,1666,"1,805,212"
2018,2,CA,Santa Cruz,15-24 yrs,01JUL2018:03:52:53,311,"280,225"
2018,2,CA,Shasta,15-24 yrs,01JUL2018:03:52:53,200,"184,231"
2018,2,CA,Sierra,15-24 yrs,01JUL2018:03:52:53,5,"2,910"
2018,2,CA,Siskiyou,15-24 yrs,01JUL2018:03:52:53,44,"46,055"
2018,2,CA,Solano,15-24 yrs,01JUL2018:03:52:53,551,"412,119"
2018,2,CA,Sonoma,15-24 yrs,01JUL2018:03:52:53,470,"484,213"
2018,2,CA,Stanislaus,15-24 yrs,01JUL2018:03:52:53,887,"518,345"
2018,2,CA,Sutter,15-24 yrs,01JUL2018:03:52:53,167,"93,812"
2018,2,CA,Tehama,15-24 yrs,01JUL2018:03:52:53,70,"54,639"
2018,2,CA,Trinity,15-24 yrs,01JUL2018:03:52:53,12,"13,701"
2018,2,CA,Tulare,15-24 yrs,01JUL2018:03:52:53,638,"438,352"
2018,2,CA,Tuolumne,15-24 yrs,01JUL2018:03:52:53,65,"54,242"
2018,2,CA,Ventura,15-24 yrs,01JUL2018:03:52:53,948,"827,963"
2018,2,CA,Yolo,15-24 yrs,01JUL2018:03:52:53,248,"202,753"
2018,2,CA,Yuba,15-24 yrs,01JUL2018:03:52:53,117,"71,319"
2018,2,CA,Alameda,25-44 yrs,01JUL2018:03:52:53,8069,"1,515,717"
2018,2,CA,Alpine,25-44 yrs,01JUL2018:03:52:53,5,"1,115"
2018,2,CA,Amador,25-44 yrs,01JUL2018:03:52:53,274,"38,211"
2018,2,CA,Butte,25-44 yrs,01JUL2018:03:52:53,2420,"220,287"
2018,2,CA,Calaveras,25-44 yrs,01JUL2018:03:52:53,361,"45,570"
2018,2,CA,Colusa,25-44 yrs,01JUL2018:03:52:53,132,"21,608"
2018,2,CA,Contra Costa,25-44 yrs,01JUL2018:03:52:53,6962,"1,043,451"
2018,2,CA,Del Norte,25-44 yrs,01JUL2018:03:52:53,262,"28,596"
2018,2,CA,El Dorado,25-44 yrs,01JUL2018:03:52:53,1402,"180,987"
2018,2,CA,Fresno,25-44 yrs,01JUL2018:03:52:53,7030,"935,100"
2018,2,CA,Glenn,25-44 yrs,01JUL2018:03:52:53,280,"28,708"
2018,2,CA,Humboldt,25-44 yrs,01JUL2018:03:52:53,1281,"134,681"
2018,2,CA,Imperial,25-44 yrs,01JUL2018:03:52:53,1017,"170,552"
2018,2,CA,Inyo,25-44 yrs,01JUL2018:03:52:53,122,"19,497"
2018,2,CA,Kern,25-44 yrs,01JUL2018:03:52:53,7138,"841,588"
2018,2,CA,Kings,25-44 yrs,01JUL2018:03:52:53,1197,"151,702"
2018,2,CA,Lake,25-44 yrs,01JUL2018:03:52:53,579,"64,599"
2018,2,CA,Lassen,25-44 yrs,01JUL2018:03:52:53,228,"37,144"
2018,2,CA,Los Angeles,25-44 yrs,01JUL2018:03:52:53,43921,"9,811,939"
2018,2,CA,Madera,25-44 yrs,01JUL2018:03:52:53,926,"150,446"
2018,2,CA,Marin,25-44 yrs,01JUL2018:03:52:53,892,"251,685"
2018,2,CA,Mariposa,25-44 yrs,01JUL2018:03:52:53,102,"16,900"
2018,2,CA,Mendocino,25-44 yrs,01JUL2018:03:52:53,700,"87,595"
2018,2,CA,Merced,25-44 yrs,01JUL2018:03:52:53,2087,"254,483"
2018,2,CA,Modoc,25-44 yrs,01JUL2018:03:52:53,46,"8,506"
2018,2,CA,Mono,25-44 yrs,01JUL2018:03:52:53,84,"12,975"
2018,2,CA,Monterey,25-44 yrs,01JUL2018:03:52:53,2119,"402,842"
2018,2,CA,Napa,25-44 yrs,01JUL2018:03:52:53,741,"137,050"
2018,2,CA,Nevada,25-44 yrs,01JUL2018:03:52:53,651,"95,997"
2018,2,CA,Orange,25-44 yrs,01JUL2018:03:52:53,14896,"3,016,237"
2018,2,CA,Placer,25-44 yrs,01JUL2018:03:52:53,2590,"351,384"
2018,2,CA,Plumas,25-44 yrs,01JUL2018:03:52:53,137,"18,613"
2018,2,CA,Riverside,25-44 yrs,01JUL2018:03:52:53,15235,"2,191,564"
2018,2,CA,Sacramento,25-44 yrs,01JUL2018:03:52:53,11510,"1,420,705"
2018,2,CA,San Benito,25-44 yrs,01JUL2018:03:52:53,333,"53,857"
2018,2,CA,San Bernardino,25-44 yrs,01JUL2018:03:52:53,15500,"2,032,042"
2018,2,CA,San Diego,25-44 yrs,01JUL2018:03:52:53,16874,"3,091,958"
2018,2,CA,San Francisco,25-44 yrs,01JUL2018:03:52:53,3660,"805,232"
2018,2,CA,San Joaquin,25-44 yrs,01JUL2018:03:52:53,5443,"684,518"
2018,2,CA,San Luis Obispo,25-44 yrs,01JUL2018:03:52:53,1638,"269,227"
2018,2,CA,San Mateo,25-44 yrs,01JUL2018:03:52:53,2691,"690,399"
2018,2,CA,Santa Barbara,25-44 yrs,01JUL2018:03:52:53,2267,"424,106"
2018,2,CA,Santa Clara,25-44 yrs,01JUL2018:03:52:53,7416,"1,805,212"
2018,2,CA,Santa Cruz,25-44 yrs,01JUL2018:03:52:53,1423,"280,225"
2018,2,CA,Shasta,25-44 yrs,01JUL2018:03:52:53,1699,"184,231"
2018,2,CA,Sierra,25-44 yrs,01JUL2018:03:52:53,14,"2,910"
2018,2,CA,Siskiyou,25-44 yrs,01JUL2018:03:52:53,303,"46,055"
2018,2,CA,Solano,25-44 yrs,01JUL2018:03:52:53,3157,"412,119"
2018,2,CA,Sonoma,25-44 yrs,01JUL2018:03:52:53,3097,"484,213"
2018,2,CA,Stanislaus,25-44 yrs,01JUL2018:03:52:53,5557,"518,345"
2018,2,CA,Sutter,25-44 yrs,01JUL2018:03:52:53,1049,"93,812"
2018,2,CA,Tehama,25-44 yrs,01JUL2018:03:52:53,521,"54,639"
2018,2,CA,Trinity,25-44 yrs,01JUL2018:03:52:53,135,"13,701"
2018,2,CA,Tulare,25-44 yrs,01JUL2018:03:52:53,3424,"438,352"
2018,2,CA,Tuolumne,25-44 yrs,01JUL2018:03:52:53,431,"54,242"
2018,2,CA,Ventura,25-44 yrs,01JUL2018:03:52:53,4925,"827,963"
2018,2,CA,Yolo,25-44 yrs,01JUL2018:03:52:53,1161,"202,753"
2018,2,CA,Yuba,25-44 yrs,01JUL2018:03:52:53,919,"71,319"
2018,2,CA,Alameda,45-64 yrs,01JUL2018:03:52:53,16688,"1,515,717"
2018,2,CA,Alpine,45-64 yrs,01JUL2018:03:52:53,3,"1,115"
2018,2,CA,Amador,45-64 yrs,01JUL2018:03:52:53,927,"38,211"
2018,2,CA,Butte,45-64 yrs,01JUL2018:03:52:53,5933,"220,287"
2018,2,CA,Calaveras,45-64 yrs,01JUL2018:03:52:53,1149,"45,570"
2018,2,CA,Colusa,45-64 yrs,01JUL2018:03:52:53,277,"21,608"
2018,2,CA,Contra Costa,45-64 yrs,01JUL2018:03:52:53,15816,"1,043,451"
2018,2,CA,Del Norte,45-64 yrs,01JUL2018:03:52:53,740,"28,596"
2018,2,CA,El Dorado,45-64 yrs,01JUL2018:03:52:53,3892,"180,987"
2018,2,CA,Fresno,45-64 yrs,01JUL2018:03:52:53,13745,"935,100"
2018,2,CA,Glenn,45-64 yrs,01JUL2018:03:52:53,616,"28,708"
2018,2,CA,Humboldt,45-64 yrs,01JUL2018:03:52:53,3137,"134,681"
2018,2,CA,Imperial,45-64 yrs,01JUL2018:03:52:53,1894,"170,552"
2018,2,CA,Inyo,45-64 yrs,01JUL2018:03:52:53,290,"19,497"
2018,2,CA,Kern,45-64 yrs,01JUL2018:03:52:53,14707,"841,588"
2018,2,CA,Kings,45-64 yrs,01JUL2018:03:52:53,2255,"151,702"
2018,2,CA,Lake,45-64 yrs,01JUL2018:03:52:53,1836,"64,599"
2018,2,CA,Lassen,45-64 yrs,01JUL2018:03:52:53,617,"37,144"
2018,2,CA,Los Angeles,45-64 yrs,01JUL2018:03:52:53,87133,"9,811,939"
2018,2,CA,Madera,45-64 yrs,01JUL2018:03:52:53,2183,"150,446"
2018,2,CA,Marin,45-64 yrs,01JUL2018:03:52:53,2771,"251,685"
2018,2,CA,Mariposa,45-64 yrs,01JUL2018:03:52:53,388,"16,900"
2018,2,CA,Mendocino,45-64 yrs,01JUL2018:03:52:53,1923,"87,595"
2018,2,CA,Merced,45-64 yrs,01JUL2018:03:52:53,3895,"254,483"
2018,2,CA,Modoc,45-64 yrs,01JUL2018:03:52:53,172,"8,506"
2018,2,CA,Mono,45-64 yrs,01JUL2018:03:52:53,110,"12,975"
2018,2,CA,Monterey,45-64 yrs,01JUL2018:03:52:53,3958,"402,842"
2018,2,CA,Napa,45-64 yrs,01JUL2018:03:52:53,1888,"137,050"
2018,2,CA,Nevada,45-64 yrs,01JUL2018:03:52:53,1747,"95,997"
2018,2,CA,Orange,45-64 yrs,01JUL2018:03:52:53,30638,"3,016,237"
2018,2,CA,Placer,45-64 yrs,01JUL2018:03:52:53,6044,"351,384"
2018,2,CA,Plumas,45-64 yrs,01JUL2018:03:52:53,424,"18,613"
2018,2,CA,Riverside,45-64 yrs,01JUL2018:03:52:53,32493,"2,191,564"
2018,2,CA,Sacramento,45-64 yrs,01JUL2018:03:52:53,24999,"1,420,705"
2018,2,CA,San Benito,45-64 yrs,01JUL2018:03:52:53,659,"53,857"
2018,2,CA,San Bernardino,45-64 yrs,01JUL2018:03:52:53,33363,"2,032,042"
2018,2,CA,San Diego,45-64 yrs,01JUL2018:03:52:53,34288,"3,091,958"
2018,2,CA,San Francisco,45-64 yrs,01JUL2018:03:52:53,6265,"805,232"
2018,2,CA,San Joaquin,45-64 yrs,01JUL2018:03:52:53,11449,"684,518"
2018,2,CA,San Luis Obispo,45-64 yrs,01JUL2018:03:52:53,4076,"269,227"
2018,2,CA,San Mateo,45-64 yrs,01JUL2018:03:52:53,5982,"690,399"
2018,2,CA,Santa Barbara,45-64 yrs,01JUL2018:03:52:53,5153,"424,106"
2018,2,CA,Santa Clara,45-64 yrs,01JUL2018:03:52:53,13077,"1,805,212"
2018,2,CA,Santa Cruz,45-64 yrs,01JUL2018:03:52:53,3301,"280,225"
2018,2,CA,Shasta,45-64 yrs,01JUL2018:03:52:53,4708,"184,231"
2018,2,CA,Sierra,45-64 yrs,01JUL2018:03:52:53,40,"2,910"
2018,2,CA,Siskiyou,45-64 yrs,01JUL2018:03:52:53,1090,"46,055"
2018,2,CA,Solano,45-64 yrs,01JUL2018:03:52:53,7299,"412,119"
2018,2,CA,Sonoma,45-64 yrs,01JUL2018:03:52:53,7931,"484,213"
2018,2,CA,Stanislaus,45-64 yrs,01JUL2018:03:52:53,11527,"518,345"
2018,2,CA,Sutter,45-64 yrs,01JUL2018:03:52:53,2041,"93,812"
2018,2,CA,Tehama,45-64 yrs,01JUL2018:03:52:53,1447,"54,639"
2018,2,CA,Trinity,45-64 yrs,01JUL2018:03:52:53,378,"13,701"
2018,2,CA,Tulare,45-64 yrs,01JUL2018:03:52:53,6764,"438,352"
2018,2,CA,Tuolumne,45-64 yrs,01JUL2018:03:52:53,1390,"54,242"
2018,2,CA,Ventura,45-64 yrs,01JUL2018:03:52:53,11312,"827,963"
2018,2,CA,Yolo,45-64 yrs,01JUL2018:03:52:53,2489,"202,753"
2018,2,CA,Yuba,45-64 yrs,01JUL2018:03:52:53,1958,"71,319"
2018,2,CA,Alameda,=< 14 yrs,01JUL2018:03:52:53,222,"1,515,717"
2018,2,CA,Alpine,=< 14 yrs,01JUL2018:03:52:53,0,"1,115"
2018,2,CA,Amador,=< 14 yrs,01JUL2018:03:52:53,7,"38,211"
2018,2,CA,Butte,=< 14 yrs,01JUL2018:03:52:53,40,"220,287"
2018,2,CA,Calaveras,=< 14 yrs,01JUL2018:03:52:53,10,"45,570"
2018,2,CA,Colusa,=< 14 yrs,01JUL2018:03:52:53,4,"21,608"
2018,2,CA,Contra Costa,=< 14 yrs,01JUL2018:03:52:53,222,"1,043,451"
2018,2,CA,Del Norte,=< 14 yrs,01JUL2018:03:52:53,4,"28,596"
2018,2,CA,El Dorado,=< 14 yrs,01JUL2018:03:52:53,37,"180,987"
2018,2,CA,Fresno,=< 14 yrs,01JUL2018:03:52:53,228,"935,100"
2018,2,CA,Glenn,=< 14 yrs,01JUL2018:03:52:53,3,"28,708"
2018,2,CA,Humboldt,=< 14 yrs,01JUL2018:03:52:53,17,"134,681"
2018,2,CA,Imperial,=< 14 yrs,01JUL2018:03:52:53,25,"170,552"
2018,2,CA,Inyo,=< 14 yrs,01JUL2018:03:52:53,2,"19,497"
2018,2,CA,Kern,=< 14 yrs,01JUL2018:03:52:53,192,"841,588"
2018,2,CA,Kings,=< 14 yrs,01JUL2018:03:52:53,31,"151,702"
2018,2,CA,Lake,=< 14 yrs,01JUL2018:03:52:53,18,"64,599"
2018,2,CA,Lassen,=< 14 yrs,01JUL2018:03:52:53,6,"37,144"
2018,2,CA,Los Angeles,=< 14 yrs,01JUL2018:03:52:53,1086,"9,811,939"
2018,2,CA,Madera,=< 14 yrs,01JUL2018:03:52:53,35,"150,446"
2018,2,CA,Marin,=< 14 yrs,01JUL2018:03:52:53,54,"251,685"
2018,2,CA,Mariposa,=< 14 yrs,01JUL2018:03:52:53,3,"16,900"
2018,2,CA,Mendocino,=< 14 yrs,01JUL2018:03:52:53,15,"87,595"
2018,2,CA,Merced,=< 14 yrs,01JUL2018:03:52:53,58,"254,483"
2018,2,CA,Modoc,=< 14 yrs,01JUL2018:03:52:53,0,"8,506"
2018,2,CA,Mono,=< 14 yrs,01JUL2018:03:52:53,5,"12,975"
2018,2,CA,Monterey,=< 14 yrs,01JUL2018:03:52:53,91,"402,842"
2018,2,CA,Napa,=< 14 yrs,01JUL2018:03:52:53,31,"137,050"
2018,2,CA,Nevada,=< 14 yrs,01JUL2018:03:52:53,23,"95,997"
2018,2,CA,Orange,=< 14 yrs,01JUL2018:03:52:53,424,"3,016,237"
2018,2,CA,Placer,=< 14 yrs,01JUL2018:03:52:53,79,"351,384"
2018,2,CA,Plumas,=< 14 yrs,01JUL2018:03:52:53,1,"18,613"
2018,2,CA,Riverside,=< 14 yrs,01JUL2018:03:52:53,437,"2,191,564"
2018,2,CA,Sacramento,=< 14 yrs,01JUL2018:03:52:53,282,"1,420,705"
2018,2,CA,San Benito,=< 14 yrs,01JUL2018:03:52:53,11,"53,857"
2018,2,CA,San Bernardino,=< 14 yrs,01JUL2018:03:52:53,382,"2,032,042"
2018,2,CA,San Diego,=< 14 yrs,01JUL2018:03:52:53,444,"3,091,958"
2018,2,CA,San Francisco,=< 14 yrs,01JUL2018:03:52:53,84,"805,232"
2018,2,CA,San Joaquin,=< 14 yrs,01JUL2018:03:52:53,137,"684,518"
2018,2,CA,San Luis Obispo,=< 14 yrs,01JUL2018:03:52:53,42,"269,227"
2018,2,CA,San Mateo,=< 14 yrs,01JUL2018:03:52:53,108,"690,399"
2018,2,CA,Santa Barbara,=< 14 yrs,01JUL2018:03:52:53,86,"424,106"
2018,2,CA,Santa Clara,=< 14 yrs,01JUL2018:03:52:53,336,"1,805,212"
2018,2,CA,Santa Cruz,=< 14 yrs,01JUL2018:03:52:53,51,"280,225"
2018,2,CA,Shasta,=< 14 yrs,01JUL2018:03:52:53,39,"184,231"
2018,2,CA,Sierra,=< 14 yrs,01JUL2018:03:52:53,0,"2,910"
2018,2,CA,Siskiyou,=< 14 yrs,01JUL2018:03:52:53,9,"46,055"
2018,2,CA,Solano,=< 14 yrs,01JUL2018:03:52:53,75,"412,119"
2018,2,CA,Sonoma,=< 14 yrs,01JUL2018:03:52:53,59,"484,213"
2018,2,CA,Stanislaus,=< 14 yrs,01JUL2018:03:52:53,152,"518,345"
2018,2,CA,Sutter,=< 14 yrs,01JUL2018:03:52:53,19,"93,812"
2018,2,CA,Tehama,=< 14 yrs,01JUL2018:03:52:53,12,"54,639"
2018,2,CA,Trinity,=< 14 yrs,01JUL2018:03:52:53,4,"13,701"
2018,2,CA,Tulare,=< 14 yrs,01JUL2018:03:52:53,127,"438,352"
2018,2,CA,Tuolumne,=< 14 yrs,01JUL2018:03:52:53,12,"54,242"
2018,2,CA,Ventura,=< 14 yrs,01JUL2018:03:52:53,122,"827,963"
2018,2,CA,Yolo,=< 14 yrs,01JUL2018:03:52:53,33,"202,753"
2018,2,CA,Yuba,=< 14 yrs,01JUL2018:03:52:53,19,"71,319"
2018,2,CA,Alameda,>= 65 yrs,01JUL2018:03:52:53,12582,"1,515,717"
2018,2,CA,Alpine,>= 65 yrs,01JUL2018:03:52:53,6,"1,115"
2018,2,CA,Amador,>= 65 yrs,01JUL2018:03:52:53,870,"38,211"
2018,2,CA,Butte,>= 65 yrs,01JUL2018:03:52:53,4820,"220,287"
2018,2,CA,Calaveras,>= 65 yrs,01JUL2018:03:52:53,893,"45,570"
2018,2,CA,Colusa,>= 65 yrs,01JUL2018:03:52:53,240,"21,608"
2018,2,CA,Contra Costa,>= 65 yrs,01JUL2018:03:52:53,12055,"1,043,451"
2018,2,CA,Del Norte,>= 65 yrs,01JUL2018:03:52:53,503,"28,596"
2018,2,CA,El Dorado,>= 65 yrs,01JUL2018:03:52:53,3066,"180,987"
2018,2,CA,Fresno,>= 65 yrs,01JUL2018:03:52:53,10015,"935,100"
2018,2,CA,Glenn,>= 65 yrs,01JUL2018:03:52:53,417,"28,708"
2018,2,CA,Humboldt,>= 65 yrs,01JUL2018:03:52:53,2554,"134,681"
2018,2,CA,Imperial,>= 65 yrs,01JUL2018:03:52:53,1454,"170,552"
2018,2,CA,Inyo,>= 65 yrs,01JUL2018:03:52:53,272,"19,497"
2018,2,CA,Kern,>= 65 yrs,01JUL2018:03:52:53,9124,"841,588"
2018,2,CA,Kings,>= 65 yrs,01JUL2018:03:52:53,1353,"151,702"
2018,2,CA,Lake,>= 65 yrs,01JUL2018:03:52:53,1362,"64,599"
2018,2,CA,Lassen,>= 65 yrs,01JUL2018:03:52:53,399,"37,144"
2018,2,CA,Los Angeles,>= 65 yrs,01JUL2018:03:52:53,67936,"9,811,939"
2018,2,CA,Madera,>= 65 yrs,01JUL2018:03:52:53,1725,"150,446"
2018,2,CA,Marin,>= 65 yrs,01JUL2018:03:52:53,3155,"251,685"
2018,2,CA,Mariposa,>= 65 yrs,01JUL2018:03:52:53,321,"16,900"
2018,2,CA,Mendocino,>= 65 yrs,01JUL2018:03:52:53,1709,"87,595"
2018,2,CA,Merced,>= 65 yrs,01JUL2018:03:52:53,2420,"254,483"
2018,2,CA,Modoc,>= 65 yrs,01JUL2018:03:52:53,130,"8,506"
2018,2,CA,Mono,>= 65 yrs,01JUL2018:03:52:53,52,"12,975"
2018,2,CA,Monterey,>= 65 yrs,01JUL2018:03:52:53,2979,"402,842"
2018,2,CA,Napa,>= 65 yrs,01JUL2018:03:52:53,1886,"137,050"
2018,2,CA,Nevada,>= 65 yrs,01JUL2018:03:52:53,1711,"95,997"
2018,2,CA,Orange,>= 65 yrs,01JUL2018:03:52:53,25291,"3,016,237"
2018,2,CA,Placer,>= 65 yrs,01JUL2018:03:52:53,5671,"351,384"
2018,2,CA,Plumas,>= 65 yrs,01JUL2018:03:52:53,294,"18,613"
2018,2,CA,Riverside,>= 65 yrs,01JUL2018:03:52:53,24730,"2,191,564"
2018,2,CA,Sacramento,>= 65 yrs,01JUL2018:03:52:53,17525,"1,420,705"
2018,2,CA,San Benito,>= 65 yrs,01JUL2018:03:52:53,352,"53,857"
2018,2,CA,San Bernardino,>= 65 yrs,01JUL2018:03:52:53,20770,"2,032,042"
2018,2,CA,San Diego,>= 65 yrs,01JUL2018:03:52:53,27228,"3,091,958"
2018,2,CA,San Francisco,>= 65 yrs,01JUL2018:03:52:53,5251,"805,232"
2018,2,CA,San Joaquin,>= 65 yrs,01JUL2018:03:52:53,7816,"684,518"
2018,2,CA,San Luis Obispo,>= 65 yrs,01JUL2018:03:52:53,3795,"269,227"
2018,2,CA,San Mateo,>= 65 yrs,01JUL2018:03:52:53,5282,"690,399"
2018,2,CA,Santa Barbara,>= 65 yrs,01JUL2018:03:52:53,4077,"424,106"
2018,2,CA,Santa Clara,>= 65 yrs,01JUL2018:03:52:53,10527,"1,805,212"
2018,2,CA,Santa Cruz,>= 65 yrs,01JUL2018:03:52:53,2960,"280,225"
2018,2,CA,Shasta,>= 65 yrs,01JUL2018:03:52:53,4080,"184,231"
2018,2,CA,Sierra,>= 65 yrs,01JUL2018:03:52:53,39,"2,910"
2018,2,CA,Siskiyou,>= 65 yrs,01JUL2018:03:52:53,784,"46,055"
2018,2,CA,Solano,>= 65 yrs,01JUL2018:03:52:53,4933,"412,119"
2018,2,CA,Sonoma,>= 65 yrs,01JUL2018:03:52:53,6813,"484,213"
2018,2,CA,Stanislaus,>= 65 yrs,01JUL2018:03:52:53,8012,"518,345"
2018,2,CA,Sutter,>= 65 yrs,01JUL2018:03:52:53,1523,"93,812"
2018,2,CA,Tehama,>= 65 yrs,01JUL2018:03:52:53,1086,"54,639"
2018,2,CA,Trinity,>= 65 yrs,01JUL2018:03:52:53,312,"13,701"
2018,2,CA,Tulare,>= 65 yrs,01JUL2018:03:52:53,4655,"438,352"
2018,2,CA,Tuolumne,>= 65 yrs,01JUL2018:03:52:53,1182,"54,242"
2018,2,CA,Ventura,>= 65 yrs,01JUL2018:03:52:53,8395,"827,963"
2018,2,CA,Yolo,>= 65 yrs,01JUL2018:03:52:53,1915,"202,753"
2018,2,CA,Yuba,>= 65 yrs,01JUL2018:03:52:53,1117,"71,319"
2018,3,CA,Alameda,15-24 yrs,01JUL2018:03:52:53,1679,"1,515,717"
2018,3,CA,Alpine,15-24 yrs,01JUL2018:03:52:53,2,"1,115"
2018,3,CA,Amador,15-24 yrs,01JUL2018:03:52:53,44,"38,211"
2018,3,CA,Butte,15-24 yrs,01JUL2018:03:52:53,381,"220,287"
2018,3,CA,Calaveras,15-24 yrs,01JUL2018:03:52:53,50,"45,570"
2018,3,CA,Colusa,15-24 yrs,01JUL2018:03:52:53,31,"21,608"
2018,3,CA,Contra Costa,15-24 yrs,01JUL2018:03:52:53,1439,"1,043,451"
2018,3,CA,Del Norte,15-24 yrs,01JUL2018:03:52:53,38,"28,596"
2018,3,CA,El Dorado,15-24 yrs,01JUL2018:03:52:53,341,"180,987"
2018,3,CA,Fresno,15-24 yrs,01JUL2018:03:52:53,1593,"935,100"
2018,3,CA,Glenn,15-24 yrs,01JUL2018:03:52:53,53,"28,708"
2018,3,CA,Humboldt,15-24 yrs,01JUL2018:03:52:53,176,"134,681"
2018,3,CA,Imperial,15-24 yrs,01JUL2018:03:52:53,200,"170,552"
2018,3,CA,Inyo,15-24 yrs,01JUL2018:03:52:53,16,"19,497"
2018,3,CA,Kern,15-24 yrs,01JUL2018:03:52:53,1557,"841,588"
2018,3,CA,Kings,15-24 yrs,01JUL2018:03:52:53,261,"151,702"
2018,3,CA,Lake,15-24 yrs,01JUL2018:03:52:53,87,"64,599"
2018,3,CA,Lassen,15-24 yrs,01JUL2018:03:52:53,36,"37,144"
2018,3,CA,Los Angeles,15-24 yrs,01JUL2018:03:52:53,10047,"9,811,939"
2018,3,CA,Madera,15-24 yrs,01JUL2018:03:52:53,242,"150,446"
2018,3,CA,Marin,15-24 yrs,01JUL2018:03:52:53,226,"251,685"
2018,3,CA,Mariposa,15-24 yrs,01JUL2018:03:52:53,18,"16,900"
2018,3,CA,Mendocino,15-24 yrs,01JUL2018:03:52:53,122,"87,595"
2018,3,CA,Merced,15-24 yrs,01JUL2018:03:52:53,453,"254,483"
2018,3,CA,Modoc,15-24 yrs,01JUL2018:03:52:53,5,"8,506"
2018,3,CA,Mono,15-24 yrs,01JUL2018:03:52:53,23,"12,975"
2018,3,CA,Monterey,15-24 yrs,01JUL2018:03:52:53,572,"402,842"
2018,3,CA,Napa,15-24 yrs,01JUL2018:03:52:53,159,"137,050"
2018,3,CA,Nevada,15-24 yrs,01JUL2018:03:52:53,129,"95,997"
2018,3,CA,Orange,15-24 yrs,01JUL2018:03:52:53,3458,"3,016,237"
2018,3,CA,Placer,15-24 yrs,01JUL2018:03:52:53,575,"351,384"
2018,3,CA,Plumas,15-24 yrs,01JUL2018:03:52:53,16,"18,613"
2018,3,CA,Riverside,15-24 yrs,01JUL2018:03:52:53,3214,"2,191,564"
2018,3,CA,Sacramento,15-24 yrs,01JUL2018:03:52:53,2130,"1,420,705"
2018,3,CA,San Benito,15-24 yrs,01JUL2018:03:52:53,89,"53,857"
2018,3,CA,San Bernardino,15-24 yrs,01JUL2018:03:52:53,3164,"2,032,042"
2018,3,CA,San Diego,15-24 yrs,01JUL2018:03:52:53,3666,"3,091,958"
2018,3,CA,San Francisco,15-24 yrs,01JUL2018:03:52:53,572,"805,232"
2018,3,CA,San Joaquin,15-24 yrs,01JUL2018:03:52:53,1156,"684,518"
2018,3,CA,San Luis Obispo,15-24 yrs,01JUL2018:03:52:53,343,"269,227"
2018,3,CA,San Mateo,15-24 yrs,01JUL2018:03:52:53,666,"690,399"
2018,3,CA,Santa Barbara,15-24 yrs,01JUL2018:03:52:53,534,"424,106"
2018,3,CA,Santa Clara,15-24 yrs,01JUL2018:03:52:53,1649,"1,805,212"
2018,3,CA,Santa Cruz,15-24 yrs,01JUL2018:03:52:53,371,"280,225"
2018,3,CA,Shasta,15-24 yrs,01JUL2018:03:52:53,255,"184,231"
2018,3,CA,Sierra,15-24 yrs,01JUL2018:03:52:53,0,"2,910"
2018,3,CA,Siskiyou,15-24 yrs,01JUL2018:03:52:53,45,"46,055"
2018,3,CA,Solano,15-24 yrs,01JUL2018:03:52:53,619,"412,119"
2018,3,CA,Sonoma,15-24 yrs,01JUL2018:03:52:53,654,"484,213"
2018,3,CA,Stanislaus,15-24 yrs,01JUL2018:03:52:53,964,"518,345"
2018,3,CA,Sutter,15-24 yrs,01JUL2018:03:52:53,162,"93,812"
2018,3,CA,Tehama,15-24 yrs,01JUL2018:03:52:53,108,"54,639"
2018,3,CA,Trinity,15-24 yrs,01JUL2018:03:52:53,20,"13,701"
2018,3,CA,Tulare,15-24 yrs,01JUL2018:03:52:53,766,"438,352"
2018,3,CA,Tuolumne,15-24 yrs,01JUL2018:03:52:53,72,"54,242"
2018,3,CA,Ventura,15-24 yrs,01JUL2018:03:52:53,1118,"827,963"
2018,3,CA,Yolo,15-24 yrs,01JUL2018:03:52:53,265,"202,753"
2018,3,CA,Yuba,15-24 yrs,01JUL2018:03:52:53,119,"71,319"
2018,3,CA,Alameda,25-44 yrs,01JUL2018:03:52:53,8512,"1,515,717"
2018,3,CA,Alpine,25-44 yrs,01JUL2018:03:52:53,4,"1,115"
2018,3,CA,Amador,25-44 yrs,01JUL2018:03:52:53,312,"38,211"
2018,3,CA,Butte,25-44 yrs,01JUL2018:03:52:53,2582,"220,287"
2018,3,CA,Calaveras,25-44 yrs,01JUL2018:03:52:53,360,"45,570"
2018,3,CA,Colusa,25-44 yrs,01JUL2018:03:52:53,150,"21,608"
2018,3,CA,Contra Costa,25-44 yrs,01JUL2018:03:52:53,7397,"1,043,451"
2018,3,CA,Del Norte,25-44 yrs,01JUL2018:03:52:53,267,"28,596"
2018,3,CA,El Dorado,25-44 yrs,01JUL2018:03:52:53,1417,"180,987"
2018,3,CA,Fresno,25-44 yrs,01JUL2018:03:52:53,7712,"935,100"
2018,3,CA,Glenn,25-44 yrs,01JUL2018:03:52:53,287,"28,708"
2018,3,CA,Humboldt,25-44 yrs,01JUL2018:03:52:53,1366,"134,681"
2018,3,CA,Imperial,25-44 yrs,01JUL2018:03:52:53,1021,"170,552"
2018,3,CA,Inyo,25-44 yrs,01JUL2018:03:52:53,125,"19,497"
2018,3,CA,Kern,25-44 yrs,01JUL2018:03:52:53,7923,"841,588"
2018,3,CA,Kings,25-44 yrs,01JUL2018:03:52:53,1277,"151,702"
2018,3,CA,Lake,25-44 yrs,01JUL2018:03:52:53,656,"64,599"
2018,3,CA,Lassen,25-44 yrs,01JUL2018:03:52:53,235,"37,144"
2018,3,CA,Los Angeles,25-44 yrs,01JUL2018:03:52:53,48142,"9,811,939"
2018,3,CA,Madera,25-44 yrs,01JUL2018:03:52:53,1006,"150,446"
2018,3,CA,Marin,25-44 yrs,01JUL2018:03:52:53,965,"251,685"
2018,3,CA,Mariposa,25-44 yrs,01JUL2018:03:52:53,100,"16,900"
2018,3,CA,Mendocino,25-44 yrs,01JUL2018:03:52:53,788,"87,595"
2018,3,CA,Merced,25-44 yrs,01JUL2018:03:52:53,2230,"254,483"
2018,3,CA,Modoc,25-44 yrs,01JUL2018:03:52:53,62,"8,506"
2018,3,CA,Mono,25-44 yrs,01JUL2018:03:52:53,85,"12,975"
2018,3,CA,Monterey,25-44 yrs,01JUL2018:03:52:53,2283,"402,842"
2018,3,CA,Napa,25-44 yrs,01JUL2018:03:52:53,800,"137,050"
2018,3,CA,Nevada,25-44 yrs,01JUL2018:03:52:53,705,"95,997"
2018,3,CA,Orange,25-44 yrs,01JUL2018:03:52:53,16300,"3,016,237"
2018,3,CA,Placer,25-44 yrs,01JUL2018:03:52:53,2746,"351,384"
2018,3,CA,Plumas,25-44 yrs,01JUL2018:03:52:53,129,"18,613"
2018,3,CA,Riverside,25-44 yrs,01JUL2018:03:52:53,16640,"2,191,564"
2018,3,CA,Sacramento,25-44 yrs,01JUL2018:03:52:53,12796,"1,420,705"
2018,3,CA,San Benito,25-44 yrs,01JUL2018:03:52:53,365,"53,857"
2018,3,CA,San Bernardino,25-44 yrs,01JUL2018:03:52:53,17027,"2,032,042"
2018,3,CA,San Diego,25-44 yrs,01JUL2018:03:52:53,18081,"3,091,958"
2018,3,CA,San Francisco,25-44 yrs,01JUL2018:03:52:53,4023,"805,232"
2018,3,CA,San Joaquin,25-44 yrs,01JUL2018:03:52:53,5838,"684,518"
2018,3,CA,San Luis Obispo,25-44 yrs,01JUL2018:03:52:53,1658,"269,227"
2018,3,CA,San Mateo,25-44 yrs,01JUL2018:03:52:53,3042,"690,399"
2018,3,CA,Santa Barbara,25-44 yrs,01JUL2018:03:52:53,2481,"424,106"
2018,3,CA,Santa Clara,25-44 yrs,01JUL2018:03:52:53,8179,"1,805,212"
2018,3,CA,Santa Cruz,25-44 yrs,01JUL2018:03:52:53,1558,"280,225"
2018,3,CA,Shasta,25-44 yrs,01JUL2018:03:52:53,1810,"184,231"
2018,3,CA,Sierra,25-44 yrs,01JUL2018:03:52:53,11,"2,910"
2018,3,CA,Siskiyou,25-44 yrs,01JUL2018:03:52:53,318,"46,055"
2018,3,CA,Solano,25-44 yrs,01JUL2018:03:52:53,3512,"412,119"
2018,3,CA,Sonoma,25-44 yrs,01JUL2018:03:52:53,3274,"484,213"
2018,3,CA,Stanislaus,25-44 yrs,01JUL2018:03:52:53,5879,"518,345"
2018,3,CA,Sutter,25-44 yrs,01JUL2018:03:52:53,1043,"93,812"
2018,3,CA,Tehama,25-44 yrs,01JUL2018:03:52:53,578,"54,639"
2018,3,CA,Trinity,25-44 yrs,01JUL2018:03:52:53,122,"13,701"
2018,3,CA,Tulare,25-44 yrs,01JUL2018:03:52:53,3636,"438,352"
2018,3,CA,Tuolumne,25-44 yrs,01JUL2018:03:52:53,448,"54,242"
2018,3,CA,Ventura,25-44 yrs,01JUL2018:03:52:53,5454,"827,963"
2018,3,CA,Yolo,25-44 yrs,01JUL2018:03:52:53,1272,"202,753"
2018,3,CA,Yuba,25-44 yrs,01JUL2018:03:52:53,1009,"71,319"
2018,3,CA,Alameda,45-64 yrs,01JUL2018:03:52:53,17671,"1,515,717"
2018,3,CA,Alpine,45-64 yrs,01JUL2018:03:52:53,6,"1,115"
2018,3,CA,Amador,45-64 yrs,01JUL2018:03:52:53,991,"38,211"
2018,3,CA,Butte,45-64 yrs,01JUL2018:03:52:53,6249,"220,287"
2018,3,CA,Calaveras,45-64 yrs,01JUL2018:03:52:53,1138,"45,570"
2018,3,CA,Colusa,45-64 yrs,01JUL2018:03:52:53,320,"21,608"
2018,3,CA,Contra Costa,45-64 yrs,01JUL2018:03:52:53,16775,"1,043,451"
2018,3,CA,Del Norte,45-64 yrs,01JUL2018:03:52:53,809,"28,596"
2018,3,CA,El Dorado,45-64 yrs,01JUL2018:03:52:53,4128,"180,987"
2018,3,CA,Fresno,45-64 yrs,01JUL2018:03:52:53,14981,"935,100"
2018,3,CA,Glenn,45-64 yrs,01JUL2018:03:52:53,637,"28,708"
2018,3,CA,Humboldt,45-64 yrs,01JUL2018:03:52:53,3346,"134,681"
2018,3,CA,Imperial,45-64 yrs,01JUL2018:03:52:53,1972,"170,552"
2018,3,CA,Inyo,45-64 yrs,01JUL2018:03:52:53,310,"19,497"
2018,3,CA,Kern,45-64 yrs,01JUL2018:03:52:53,15558,"841,588"
2018,3,CA,Kings,45-64 yrs,01JUL2018:03:52:53,2328,"151,702"
2018,3,CA,Lake,45-64 yrs,01JUL2018:03:52:53,1939,"64,599"
2018,3,CA,Lassen,45-64 yrs,01JUL2018:03:52:53,658,"37,144"
2018,3,CA,Los Angeles,45-64 yrs,01JUL2018:03:52:53,93938,"9,811,939"
2018,3,CA,Madera,45-64 yrs,01JUL2018:03:52:53,2338,"150,446"
2018,3,CA,Marin,45-64 yrs,01JUL2018:03:52:53,2879,"251,685"
2018,3,CA,Mariposa,45-64 yrs,01JUL2018:03:52:53,400,"16,900"
2018,3,CA,Mendocino,45-64 yrs,01JUL2018:03:52:53,2068,"87,595"
2018,3,CA,Merced,45-64 yrs,01JUL2018:03:52:53,4148,"254,483"
2018,3,CA,Modoc,45-64 yrs,01JUL2018:03:52:53,176,"8,506"
2018,3,CA,Mono,45-64 yrs,01JUL2018:03:52:53,109,"12,975"
2018,3,CA,Monterey,45-64 yrs,01JUL2018:03:52:53,4186,"402,842"
2018,3,CA,Napa,45-64 yrs,01JUL2018:03:52:53,1934,"137,050"
2018,3,CA,Nevada,45-64 yrs,01JUL2018:03:52:53,1848,"95,997"
2018,3,CA,Orange,45-64 yrs,01JUL2018:03:52:53,33034,"3,016,237"
2018,3,CA,Placer,45-64 yrs,01JUL2018:03:52:53,6431,"351,384"
2018,3,CA,Plumas,45-64 yrs,01JUL2018:03:52:53,472,"18,613"
2018,3,CA,Riverside,45-64 yrs,01JUL2018:03:52:53,34739,"2,191,564"
2018,3,CA,Sacramento,45-64 yrs,01JUL2018:03:52:53,26528,"1,420,705"
2018,3,CA,San Benito,45-64 yrs,01JUL2018:03:52:53,681,"53,857"
2018,3,CA,San Bernardino,45-64 yrs,01JUL2018:03:52:53,35412,"2,032,042"
2018,3,CA,San Diego,45-64 yrs,01JUL2018:03:52:53,36469,"3,091,958"
2018,3,CA,San Francisco,45-64 yrs,01JUL2018:03:52:53,6609,"805,232"
2018,3,CA,San Joaquin,45-64 yrs,01JUL2018:03:52:53,12085,"684,518"
2018,3,CA,San Luis Obispo,45-64 yrs,01JUL2018:03:52:53,4314,"269,227"
2018,3,CA,San Mateo,45-64 yrs,01JUL2018:03:52:53,6343,"690,399"
2018,3,CA,Santa Barbara,45-64 yrs,01JUL2018:03:52:53,5376,"424,106"
2018,3,CA,Santa Clara,45-64 yrs,01JUL2018:03:52:53,13902,"1,805,212"
2018,3,CA,Santa Cruz,45-64 yrs,01JUL2018:03:52:53,3540,"280,225"
2018,3,CA,Shasta,45-64 yrs,01JUL2018:03:52:53,4904,"184,231"
2018,3,CA,Sierra,45-64 yrs,01JUL2018:03:52:53,41,"2,910"
2018,3,CA,Siskiyou,45-64 yrs,01JUL2018:03:52:53,1153,"46,055"
2018,3,CA,Solano,45-64 yrs,01JUL2018:03:52:53,7704,"412,119"
2018,3,CA,Sonoma,45-64 yrs,01JUL2018:03:52:53,8413,"484,213"
2018,3,CA,Stanislaus,45-64 yrs,01JUL2018:03:52:53,12314,"518,345"
2018,3,CA,Sutter,45-64 yrs,01JUL2018:03:52:53,2194,"93,812"
2018,3,CA,Tehama,45-64 yrs,01JUL2018:03:52:53,1534,"54,639"
2018,3,CA,Trinity,45-64 yrs,01JUL2018:03:52:53,400,"13,701"
2018,3,CA,Tulare,45-64 yrs,01JUL2018:03:52:53,7177,"438,352"
2018,3,CA,Tuolumne,45-64 yrs,01JUL2018:03:52:53,1478,"54,242"
2018,3,CA,Ventura,45-64 yrs,01JUL2018:03:52:53,11946,"827,963"
2018,3,CA,Yolo,45-64 yrs,01JUL2018:03:52:53,2648,"202,753"
2018,3,CA,Yuba,45-64 yrs,01JUL2018:03:52:53,2047,"71,319"
2018,3,CA,Alameda,=< 14 yrs,01JUL2018:03:52:53,271,"1,515,717"
2018,3,CA,Alpine,=< 14 yrs,01JUL2018:03:52:53,0,"1,115"
2018,3,CA,Amador,=< 14 yrs,01JUL2018:03:52:53,7,"38,211"
2018,3,CA,Butte,=< 14 yrs,01JUL2018:03:52:53,34,"220,287"
2018,3,CA,Calaveras,=< 14 yrs,01JUL2018:03:52:53,6,"45,570"
2018,3,CA,Colusa,=< 14 yrs,01JUL2018:03:52:53,4,"21,608"
2018,3,CA,Contra Costa,=< 14 yrs,01JUL2018:03:52:53,269,"1,043,451"
2018,3,CA,Del Norte,=< 14 yrs,01JUL2018:03:52:53,0,"28,596"
2018,3,CA,El Dorado,=< 14 yrs,01JUL2018:03:52:53,48,"180,987"
2018,3,CA,Fresno,=< 14 yrs,01JUL2018:03:52:53,273,"935,100"
2018,3,CA,Glenn,=< 14 yrs,01JUL2018:03:52:53,5,"28,708"
2018,3,CA,Humboldt,=< 14 yrs,01JUL2018:03:52:53,23,"134,681"
2018,3,CA,Imperial,=< 14 yrs,01JUL2018:03:52:53,41,"170,552"
2018,3,CA,Inyo,=< 14 yrs,01JUL2018:03:52:53,5,"19,497"
2018,3,CA,Kern,=< 14 yrs,01JUL2018:03:52:53,239,"841,588"
2018,3,CA,Kings,=< 14 yrs,01JUL2018:03:52:53,42,"151,702"
2018,3,CA,Lake,=< 14 yrs,01JUL2018:03:52:53,19,"64,599"
2018,3,CA,Lassen,=< 14 yrs,01JUL2018:03:52:53,2,"37,144"
2018,3,CA,Los Angeles,=< 14 yrs,01JUL2018:03:52:53,1296,"9,811,939"
2018,3,CA,Madera,=< 14 yrs,01JUL2018:03:52:53,32,"150,446"
2018,3,CA,Marin,=< 14 yrs,01JUL2018:03:52:53,55,"251,685"
2018,3,CA,Mariposa,=< 14 yrs,01JUL2018:03:52:53,6,"16,900"
2018,3,CA,Mendocino,=< 14 yrs,01JUL2018:03:52:53,21,"87,595"
2018,3,CA,Merced,=< 14 yrs,01JUL2018:03:52:53,90,"254,483"
2018,3,CA,Modoc,=< 14 yrs,01JUL2018:03:52:53,2,"8,506"
2018,3,CA,Mono,=< 14 yrs,01JUL2018:03:52:53,2,"12,975"
2018,3,CA,Monterey,=< 14 yrs,01JUL2018:03:52:53,105,"402,842"
2018,3,CA,Napa,=< 14 yrs,01JUL2018:03:52:53,40,"137,050"
2018,3,CA,Nevada,=< 14 yrs,01JUL2018:03:52:53,21,"95,997"
2018,3,CA,Orange,=< 14 yrs,01JUL2018:03:52:53,472,"3,016,237"
2018,3,CA,Placer,=< 14 yrs,01JUL2018:03:52:53,85,"351,384"
2018,3,CA,Plumas,=< 14 yrs,01JUL2018:03:52:53,9,"18,613"
2018,3,CA,Riverside,=< 14 yrs,01JUL2018:03:52:53,451,"2,191,564"
2018,3,CA,Sacramento,=< 14 yrs,01JUL2018:03:52:53,259,"1,420,705"
2018,3,CA,San Benito,=< 14 yrs,01JUL2018:03:52:53,14,"53,857"
2018,3,CA,San Bernardino,=< 14 yrs,01JUL2018:03:52:53,471,"2,032,042"
2018,3,CA,San Diego,=< 14 yrs,01JUL2018:03:52:53,577,"3,091,958"
2018,3,CA,San Francisco,=< 14 yrs,01JUL2018:03:52:53,76,"805,232"
2018,3,CA,San Joaquin,=< 14 yrs,01JUL2018:03:52:53,186,"684,518"
2018,3,CA,San Luis Obispo,=< 14 yrs,01JUL2018:03:52:53,43,"269,227"
2018,3,CA,San Mateo,=< 14 yrs,01JUL2018:03:52:53,116,"690,399"
2018,3,CA,Santa Barbara,=< 14 yrs,01JUL2018:03:52:53,74,"424,106"
2018,3,CA,Santa Clara,=< 14 yrs,01JUL2018:03:52:53,331,"1,805,212"
2018,3,CA,Santa Cruz,=< 14 yrs,01JUL2018:03:52:53,54,"280,225"
2018,3,CA,Shasta,=< 14 yrs,01JUL2018:03:52:53,48,"184,231"
2018,3,CA,Sierra,=< 14 yrs,01JUL2018:03:52:53,0,"2,910"
2018,3,CA,Siskiyou,=< 14 yrs,01JUL2018:03:52:53,4,"46,055"
2018,3,CA,Solano,=< 14 yrs,01JUL2018:03:52:53,72,"412,119"
2018,3,CA,Sonoma,=< 14 yrs,01JUL2018:03:52:53,84,"484,213"
2018,3,CA,Stanislaus,=< 14 yrs,01JUL2018:03:52:53,164,"518,345"
2018,3,CA,Sutter,=< 14 yrs,01JUL2018:03:52:53,25,"93,812"
2018,3,CA,Tehama,=< 14 yrs,01JUL2018:03:52:53,13,"54,639"
2018,3,CA,Trinity,=< 14 yrs,01JUL2018:03:52:53,2,"13,701"
2018,3,CA,Tulare,=< 14 yrs,01JUL2018:03:52:53,166,"438,352"
2018,3,CA,Tuolumne,=< 14 yrs,01JUL2018:03:52:53,13,"54,242"
2018,3,CA,Ventura,=< 14 yrs,01JUL2018:03:52:53,140,"827,963"
2018,3,CA,Yolo,=< 14 yrs,01JUL2018:03:52:53,46,"202,753"
2018,3,CA,Yuba,=< 14 yrs,01JUL2018:03:52:53,26,"71,319"
2018,3,CA,Alameda,>= 65 yrs,01JUL2018:03:52:53,13395,"1,515,717"
2018,3,CA,Alpine,>= 65 yrs,01JUL2018:03:52:53,3,"1,115"
2018,3,CA,Amador,>= 65 yrs,01JUL2018:03:52:53,913,"38,211"
2018,3,CA,Butte,>= 65 yrs,01JUL2018:03:52:53,4936,"220,287"
2018,3,CA,Calaveras,>= 65 yrs,01JUL2018:03:52:53,911,"45,570"
2018,3,CA,Colusa,>= 65 yrs,01JUL2018:03:52:53,271,"21,608"
2018,3,CA,Contra Costa,>= 65 yrs,01JUL2018:03:52:53,12903,"1,043,451"
2018,3,CA,Del Norte,>= 65 yrs,01JUL2018:03:52:53,545,"28,596"
2018,3,CA,El Dorado,>= 65 yrs,01JUL2018:03:52:53,3262,"180,987"
2018,3,CA,Fresno,>= 65 yrs,01JUL2018:03:52:53,10641,"935,100"
2018,3,CA,Glenn,>= 65 yrs,01JUL2018:03:52:53,480,"28,708"
2018,3,CA,Humboldt,>= 65 yrs,01JUL2018:03:52:53,2746,"134,681"
2018,3,CA,Imperial,>= 65 yrs,01JUL2018:03:52:53,1489,"170,552"
2018,3,CA,Inyo,>= 65 yrs,01JUL2018:03:52:53,301,"19,497"
2018,3,CA,Kern,>= 65 yrs,01JUL2018:03:52:53,9636,"841,588"
2018,3,CA,Kings,>= 65 yrs,01JUL2018:03:52:53,1446,"151,702"
2018,3,CA,Lake,>= 65 yrs,01JUL2018:03:52:53,1442,"64,599"
2018,3,CA,Lassen,>= 65 yrs,01JUL2018:03:52:53,431,"37,144"
2018,3,CA,Los Angeles,>= 65 yrs,01JUL2018:03:52:53,73972,"9,811,939"
2018,3,CA,Madera,>= 65 yrs,01JUL2018:03:52:53,1789,"150,446"
2018,3,CA,Marin,>= 65 yrs,01JUL2018:03:52:53,3315,"251,685"
2018,3,CA,Mariposa,>= 65 yrs,01JUL2018:03:52:53,350,"16,900"
2018,3,CA,Mendocino,>= 65 yrs,01JUL2018:03:52:53,1788,"87,595"
2018,3,CA,Merced,>= 65 yrs,01JUL2018:03:52:53,2611,"254,483"
2018,3,CA,Modoc,>= 65 yrs,01JUL2018:03:52:53,156,"8,506"
2018,3,CA,Mono,>= 65 yrs,01JUL2018:03:52:53,58,"12,975"
2018,3,CA,Monterey,>= 65 yrs,01JUL2018:03:52:53,3178,"402,842"
2018,3,CA,Napa,>= 65 yrs,01JUL2018:03:52:53,2032,"137,050"
2018,3,CA,Nevada,>= 65 yrs,01JUL2018:03:52:53,1845,"95,997"
2018,3,CA,Orange,>= 65 yrs,01JUL2018:03:52:53,27218,"3,016,237"
2018,3,CA,Placer,>= 65 yrs,01JUL2018:03:52:53,6085,"351,384"
2018,3,CA,Plumas,>= 65 yrs,01JUL2018:03:52:53,296,"18,613"
2018,3,CA,Riverside,>= 65 yrs,01JUL2018:03:52:53,26780,"2,191,564"
2018,3,CA,Sacramento,>= 65 yrs,01JUL2018:03:52:53,18668,"1,420,705"
2018,3,CA,San Benito,>= 65 yrs,01JUL2018:03:52:53,373,"53,857"
2018,3,CA,San Bernardino,>= 65 yrs,01JUL2018:03:52:53,22328,"2,032,042"
2018,3,CA,San Diego,>= 65 yrs,01JUL2018:03:52:53,29437,"3,091,958"
2018,3,CA,San Francisco,>= 65 yrs,01JUL2018:03:52:53,5634,"805,232"
2018,3,CA,San Joaquin,>= 65 yrs,01JUL2018:03:52:53,8515,"684,518"
2018,3,CA,San Luis Obispo,>= 65 yrs,01JUL2018:03:52:53,4117,"269,227"
2018,3,CA,San Mateo,>= 65 yrs,01JUL2018:03:52:53,5660,"690,399"
2018,3,CA,Santa Barbara,>= 65 yrs,01JUL2018:03:52:53,4427,"424,106"
2018,3,CA,Santa Clara,>= 65 yrs,01JUL2018:03:52:53,11457,"1,805,212"
2018,3,CA,Santa Cruz,>= 65 yrs,01JUL2018:03:52:53,3157,"280,225"
2018,3,CA,Shasta,>= 65 yrs,01JUL2018:03:52:53,4289,"184,231"
2018,3,CA,Sierra,>= 65 yrs,01JUL2018:03:52:53,38,"2,910"
2018,3,CA,Siskiyou,>= 65 yrs,01JUL2018:03:52:53,896,"46,055"
2018,3,CA,Solano,>= 65 yrs,01JUL2018:03:52:53,5284,"412,119"
2018,3,CA,Sonoma,>= 65 yrs,01JUL2018:03:52:53,7290,"484,213"
2018,3,CA,Stanislaus,>= 65 yrs,01JUL2018:03:52:53,8822,"518,345"
2018,3,CA,Sutter,>= 65 yrs,01JUL2018:03:52:53,1590,"93,812"
2018,3,CA,Tehama,>= 65 yrs,01JUL2018:03:52:53,1192,"54,639"
2018,3,CA,Trinity,>= 65 yrs,01JUL2018:03:52:53,338,"13,701"
2018,3,CA,Tulare,>= 65 yrs,01JUL2018:03:52:53,5021,"438,352"
2018,3,CA,Tuolumne,>= 65 yrs,01JUL2018:03:52:53,1304,"54,242"
2018,3,CA,Ventura,>= 65 yrs,01JUL2018:03:52:53,9040,"827,963"
2018,3,CA,Yolo,>= 65 yrs,01JUL2018:03:52:53,2044,"202,753"
2018,3,CA,Yuba,>= 65 yrs,01JUL2018:03:52:53,1205,"71,319"
2018,4,CA,Alameda,15-24 yrs,01JUL2018:03:52:53,1355,"1,515,717"
2018,4,CA,Alpine,15-24 yrs,01JUL2018:03:52:53,0,"1,115"
2018,4,CA,Amador,15-24 yrs,01JUL2018:03:52:53,46,"38,211"
2018,4,CA,Butte,15-24 yrs,01JUL2018:03:52:53,397,"220,287"
2018,4,CA,Calaveras,15-24 yrs,01JUL2018:03:52:53,53,"45,570"
2018,4,CA,Colusa,15-24 yrs,01JUL2018:03:52:53,28,"21,608"
2018,4,CA,Contra Costa,15-24 yrs,01JUL2018:03:52:53,1215,"1,043,451"
2018,4,CA,Del Norte,15-24 yrs,01JUL2018:03:52:53,40,"28,596"
2018,4,CA,El Dorado,15-24 yrs,01JUL2018:03:52:53,253,"180,987"
2018,4,CA,Fresno,15-24 yrs,01JUL2018:03:52:53,1487,"935,100"
2018,4,CA,Glenn,15-24 yrs,01JUL2018:03:52:53,28,"28,708"
2018,4,CA,Humboldt,15-24 yrs,01JUL2018:03:52:53,169,"134,681"
2018,4,CA,Imperial,15-24 yrs,01JUL2018:03:52:53,208,"170,552"
2018,4,CA,Inyo,15-24 yrs,01JUL2018:03:52:53,18,"19,497"
2018,4,CA,Kern,15-24 yrs,01JUL2018:03:52:53,1356,"841,588"
2018,4,CA,Kings,15-24 yrs,01JUL2018:03:52:53,203,"151,702"
2018,4,CA,Lake,15-24 yrs,01JUL2018:03:52:53,86,"64,599"
2018,4,CA,Lassen,15-24 yrs,01JUL2018:03:52:53,39,"37,144"
2018,4,CA,Los Angeles,15-24 yrs,01JUL2018:03:52:53,9085,"9,811,939"
2018,4,CA,Madera,15-24 yrs,01JUL2018:03:52:53,223,"150,446"
2018,4,CA,Marin,15-24 yrs,01JUL2018:03:52:53,209,"251,685"
2018,4,CA,Mariposa,15-24 yrs,01JUL2018:03:52:53,24,"16,900"
2018,4,CA,Mendocino,15-24 yrs,01JUL2018:03:52:53,95,"87,595"
2018,4,CA,Merced,15-24 yrs,01JUL2018:03:52:53,399,"254,483"
2018,4,CA,Modoc,15-24 yrs,01JUL2018:03:52:53,13,"8,506"
2018,4,CA,Mono,15-24 yrs,01JUL2018:03:52:53,19,"12,975"
2018,4,CA,Monterey,15-24 yrs,01JUL2018:03:52:53,441,"402,842"
2018,4,CA,Napa,15-24 yrs,01JUL2018:03:52:53,133,"137,050"
2018,4,CA,Nevada,15-24 yrs,01JUL2018:03:52:53,88,"95,997"
2018,4,CA,Orange,15-24 yrs,01JUL2018:03:52:53,3018,"3,016,237"
2018,4,CA,Placer,15-24 yrs,01JUL2018:03:52:53,445,"351,384"
2018,4,CA,Plumas,15-24 yrs,01JUL2018:03:52:53,11,"18,613"
2018,4,CA,Riverside,15-24 yrs,01JUL2018:03:52:53,3052,"2,191,564"
2018,4,CA,Sacramento,15-24 yrs,01JUL2018:03:52:53,1731,"1,420,705"
2018,4,CA,San Benito,15-24 yrs,01JUL2018:03:52:53,73,"53,857"
2018,4,CA,San Bernardino,15-24 yrs,01JUL2018:03:52:53,2775,"2,032,042"
2018,4,CA,San Diego,15-24 yrs,01JUL2018:03:52:53,3218,"3,091,958"
2018,4,CA,San Francisco,15-24 yrs,01JUL2018:03:52:53,446,"805,232"
2018,4,CA,San Joaquin,15-24 yrs,01JUL2018:03:52:53,985,"684,518"
2018,4,CA,San Luis Obispo,15-24 yrs,01JUL2018:03:52:53,307,"269,227"
2018,4,CA,San Mateo,15-24 yrs,01JUL2018:03:52:53,543,"690,399"
2018,4,CA,Santa Barbara,15-24 yrs,01JUL2018:03:52:53,489,"424,106"
2018,4,CA,Santa Clara,15-24 yrs,01JUL2018:03:52:53,1567,"1,805,212"
2018,4,CA,Santa Cruz,15-24 yrs,01JUL2018:03:52:53,347,"280,225"
2018,4,CA,Shasta,15-24 yrs,01JUL2018:03:52:53,258,"184,231"
2018,4,CA,Sierra,15-24 yrs,01JUL2018:03:52:53,2,"2,910"
2018,4,CA,Siskiyou,15-24 yrs,01JUL2018:03:52:53,38,"46,055"
2018,4,CA,Solano,15-24 yrs,01JUL2018:03:52:53,538,"412,119"
2018,4,CA,Sonoma,15-24 yrs,01JUL2018:03:52:53,499,"484,213"
2018,4,CA,Stanislaus,15-24 yrs,01JUL2018:03:52:53,852,"518,345"
2018,4,CA,Sutter,15-24 yrs,01JUL2018:03:52:53,129,"93,812"
2018,4,CA,Tehama,15-24 yrs,01JUL2018:03:52:53,102,"54,639"
2018,4,CA,Trinity,15-24 yrs,01JUL2018:03:52:53,18,"13,701"
2018,4,CA,Tulare,15-24 yrs,01JUL2018:03:52:53,658,"438,352"
2018,4,CA,Tuolumne,15-24 yrs,01JUL2018:03:52:53,67,"54,242"
2018,4,CA,Ventura,15-24 yrs,01JUL2018:03:52:53,1032,"827,963"
2018,4,CA,Yolo,15-24 yrs,01JUL2018:03:52:53,280,"202,753"
2018,4,CA,Yuba,15-24 yrs,01JUL2018:03:52:53,105,"71,319"
2018,4,CA,Alameda,25-44 yrs,01JUL2018:03:52:53,7882,"1,515,717"
2018,4,CA,Alpine,25-44 yrs,01JUL2018:03:52:53,2,"1,115"
2018,4,CA,Amador,25-44 yrs,01JUL2018:03:52:53,295,"38,211"
2018,4,CA,Butte,25-44 yrs,01JUL2018:03:52:53,2450,"220,287"
2018,4,CA,Calaveras,25-44 yrs,01JUL2018:03:52:53,331,"45,570"
2018,4,CA,Colusa,25-44 yrs,01JUL2018:03:52:53,130,"21,608"
2018,4,CA,Contra Costa,25-44 yrs,01JUL2018:03:52:53,6916,"1,043,451"
2018,4,CA,Del Norte,25-44 yrs,01JUL2018:03:52:53,268,"28,596"
2018,4,CA,El Dorado,25-44 yrs,01JUL2018:03:52:53,1348,"180,987"
2018,4,CA,Fresno,25-44 yrs,01JUL2018:03:52:53,7503,"935,100"
2018,4,CA,Glenn,25-44 yrs,01JUL2018:03:52:53,273,"28,708"
2018,4,CA,Humboldt,25-44 yrs,01JUL2018:03:52:53,1278,"134,681"
2018,4,CA,Imperial,25-44 yrs,01JUL2018:03:52:53,1038,"170,552"
2018,4,CA,Inyo,25-44 yrs,01JUL2018:03:52:53,113,"19,497"
2018,4,CA,Kern,25-44 yrs,01JUL2018:03:52:53,7475,"841,588"
2018,4,CA,Kings,25-44 yrs,01JUL2018:03:52:53,1209,"151,702"
2018,4,CA,Lake,25-44 yrs,01JUL2018:03:52:53,590,"64,599"
2018,4,CA,Lassen,25-44 yrs,01JUL2018:03:52:53,206,"37,144"
2018,4,CA,Los Angeles,25-44 yrs,01JUL2018:03:52:53,46081,"9,811,939"
2018,4,CA,Madera,25-44 yrs,01JUL2018:03:52:53,974,"150,446"
2018,4,CA,Marin,25-44 yrs,01JUL2018:03:52:53,889,"251,685"
2018,4,CA,Mariposa,25-44 yrs,01JUL2018:03:52:53,111,"16,900"
2018,4,CA,Mendocino,25-44 yrs,01JUL2018:03:52:53,746,"87,595"
2018,4,CA,Merced,25-44 yrs,01JUL2018:03:52:53,2133,"254,483"
2018,4,CA,Modoc,25-44 yrs,01JUL2018:03:52:53,59,"8,506"
2018,4,CA,Mono,25-44 yrs,01JUL2018:03:52:53,86,"12,975"
2018,4,CA,Monterey,25-44 yrs,01JUL2018:03:52:53,2120,"402,842"
2018,4,CA,Napa,25-44 yrs,01JUL2018:03:52:53,810,"137,050"
2018,4,CA,Nevada,25-44 yrs,01JUL2018:03:52:53,707,"95,997"
2018,4,CA,Orange,25-44 yrs,01JUL2018:03:52:53,15140,"3,016,237"
2018,4,CA,Placer,25-44 yrs,01JUL2018:03:52:53,2664,"351,384"
2018,4,CA,Plumas,25-44 yrs,01JUL2018:03:52:53,120,"18,613"
2018,4,CA,Riverside,25-44 yrs,01JUL2018:03:52:53,15973,"2,191,564"
2018,4,CA,Sacramento,25-44 yrs,01JUL2018:03:52:53,11964,"1,420,705"
2018,4,CA,San Benito,25-44 yrs,01JUL2018:03:52:53,352,"53,857"
2018,4,CA,San Bernardino,25-44 yrs,01JUL2018:03:52:53,15957,"2,032,042"
2018,4,CA,San Diego,25-44 yrs,01JUL2018:03:52:53,17492,"3,091,958"
2018,4,CA,San Francisco,25-44 yrs,01JUL2018:03:52:53,3717,"805,232"
2018,4,CA,San Joaquin,25-44 yrs,01JUL2018:03:52:53,5360,"684,518"
2018,4,CA,San Luis Obispo,25-44 yrs,01JUL2018:03:52:53,1580,"269,227"
2018,4,CA,San Mateo,25-44 yrs,01JUL2018:03:52:53,2796,"690,399"
2018,4,CA,Santa Barbara,25-44 yrs,01JUL2018:03:52:53,2328,"424,106"
2018,4,CA,Santa Clara,25-44 yrs,01JUL2018:03:52:53,7642,"1,805,212"
2018,4,CA,Santa Cruz,25-44 yrs,01JUL2018:03:52:53,1441,"280,225"
2018,4,CA,Shasta,25-44 yrs,01JUL2018:03:52:53,1651,"184,231"
2018,4,CA,Sierra,25-44 yrs,01JUL2018:03:52:53,8,"2,910"
2018,4,CA,Siskiyou,25-44 yrs,01JUL2018:03:52:53,342,"46,055"
2018,4,CA,Solano,25-44 yrs,01JUL2018:03:52:53,3204,"412,119"
2018,4,CA,Sonoma,25-44 yrs,01JUL2018:03:52:53,3084,"484,213"
2018,4,CA,Stanislaus,25-44 yrs,01JUL2018:03:52:53,5402,"518,345"
2018,4,CA,Sutter,25-44 yrs,01JUL2018:03:52:53,981,"93,812"
2018,4,CA,Tehama,25-44 yrs,01JUL2018:03:52:53,518,"54,639"
2018,4,CA,Trinity,25-44 yrs,01JUL2018:03:52:53,112,"13,701"
2018,4,CA,Tulare,25-44 yrs,01JUL2018:03:52:53,3632,"438,352"
2018,4,CA,Tuolumne,25-44 yrs,01JUL2018:03:52:53,432,"54,242"
2018,4,CA,Ventura,25-44 yrs,01JUL2018:03:52:53,5204,"827,963"
2018,4,CA,Yolo,25-44 yrs,01JUL2018:03:52:53,1166,"202,753"
2018,4,CA,Yuba,25-44 yrs,01JUL2018:03:52:53,931,"71,319"
2018,4,CA,Alameda,45-64 yrs,01JUL2018:03:52:53,16679,"1,515,717"
2018,4,CA,Alpine,45-64 yrs,01JUL2018:03:52:53,4,"1,115"
2018,4,CA,Amador,45-64 yrs,01JUL2018:03:52:53,910,"38,211"
2018,4,CA,Butte,45-64 yrs,01JUL2018:03:52:53,5837,"220,287"
2018,4,CA,Calaveras,45-64 yrs,01JUL2018:03:52:53,1150,"45,570"
2018,4,CA,Colusa,45-64 yrs,01JUL2018:03:52:53,300,"21,608"
2018,4,CA,Contra Costa,45-64 yrs,01JUL2018:03:52:53,15806,"1,043,451"
2018,4,CA,Del Norte,45-64 yrs,01JUL2018:03:52:53,754,"28,596"
2018,4,CA,El Dorado,45-64 yrs,01JUL2018:03:52:53,3975,"180,987"
2018,4,CA,Fresno,45-64 yrs,01JUL2018:03:52:53,14597,"935,100"
2018,4,CA,Glenn,45-64 yrs,01JUL2018:03:52:53,617,"28,708"
2018,4,CA,Humboldt,45-64 yrs,01JUL2018:03:52:53,3105,"134,681"
2018,4,CA,Imperial,45-64 yrs,01JUL2018:03:52:53,1989,"170,552"
2018,4,CA,Inyo,45-64 yrs,01JUL2018:03:52:53,309,"19,497"
2018,4,CA,Kern,45-64 yrs,01JUL2018:03:52:53,14893,"841,588"
2018,4,CA,Kings,45-64 yrs,01JUL2018:03:52:53,2230,"151,702"
2018,4,CA,Lake,45-64 yrs,01JUL2018:03:52:53,1804,"64,599"
2018,4,CA,Lassen,45-64 yrs,01JUL2018:03:52:53,630,"37,144"
2018,4,CA,Los Angeles,45-64 yrs,01JUL2018:03:52:53,89241,"9,811,939"
2018,4,CA,Madera,45-64 yrs,01JUL2018:03:52:53,2300,"150,446"
2018,4,CA,Marin,45-64 yrs,01JUL2018:03:52:53,2720,"251,685"
2018,4,CA,Mariposa,45-64 yrs,01JUL2018:03:52:53,396,"16,900"
2018,4,CA,Mendocino,45-64 yrs,01JUL2018:03:52:53,1921,"87,595"
2018,4,CA,Merced,45-64 yrs,01JUL2018:03:52:53,3928,"254,483"
2018,4,CA,Modoc,45-64 yrs,01JUL2018:03:52:53,168,"8,506"
2018,4,CA,Mono,45-64 yrs,01JUL2018:03:52:53,107,"12,975"
2018,4,CA,Monterey,45-64 yrs,01JUL2018:03:52:53,4019,"402,842"
2018,4,CA,Napa,45-64 yrs,01JUL2018:03:52:53,1878,"137,050"
2018,4,CA,Nevada,45-64 yrs,01JUL2018:03:52:53,1825,"95,997"
2018,4,CA,Orange,45-64 yrs,01JUL2018:03:52:53,31213,"3,016,237"
2018,4,CA,Placer,45-64 yrs,01JUL2018:03:52:53,6222,"351,384"
2018,4,CA,Plumas,45-64 yrs,01JUL2018:03:52:53,453,"18,613"
2018,4,CA,Riverside,45-64 yrs,01JUL2018:03:52:53,33352,"2,191,564"
2018,4,CA,Sacramento,45-64 yrs,01JUL2018:03:52:53,25721,"1,420,705"
2018,4,CA,San Benito,45-64 yrs,01JUL2018:03:52:53,626,"53,857"
2018,4,CA,San Bernardino,45-64 yrs,01JUL2018:03:52:53,33772,"2,032,042"
2018,4,CA,San Diego,45-64 yrs,01JUL2018:03:52:53,34748,"3,091,958"
2018,4,CA,San Francisco,45-64 yrs,01JUL2018:03:52:53,6252,"805,232"
2018,4,CA,San Joaquin,45-64 yrs,01JUL2018:03:52:53,11474,"684,518"
2018,4,CA,San Luis Obispo,45-64 yrs,01JUL2018:03:52:53,4124,"269,227"
2018,4,CA,San Mateo,45-64 yrs,01JUL2018:03:52:53,5876,"690,399"
2018,4,CA,Santa Barbara,45-64 yrs,01JUL2018:03:52:53,5248,"424,106"
2018,4,CA,Santa Clara,45-64 yrs,01JUL2018:03:52:53,13415,"1,805,212"
2018,4,CA,Santa Cruz,45-64 yrs,01JUL2018:03:52:53,3305,"280,225"
2018,4,CA,Shasta,45-64 yrs,01JUL2018:03:52:53,4658,"184,231"
2018,4,CA,Sierra,45-64 yrs,01JUL2018:03:52:53,42,"2,910"
2018,4,CA,Siskiyou,45-64 yrs,01JUL2018:03:52:53,1093,"46,055"
2018,4,CA,Solano,45-64 yrs,01JUL2018:03:52:53,7331,"412,119"
2018,4,CA,Sonoma,45-64 yrs,01JUL2018:03:52:53,8080,"484,213"
2018,4,CA,Stanislaus,45-64 yrs,01JUL2018:03:52:53,11804,"518,345"
2018,4,CA,Sutter,45-64 yrs,01JUL2018:03:52:53,2042,"93,812"
2018,4,CA,Tehama,45-64 yrs,01JUL2018:03:52:53,1413,"54,639"
2018,4,CA,Trinity,45-64 yrs,01JUL2018:03:52:53,366,"13,701"
2018,4,CA,Tulare,45-64 yrs,01JUL2018:03:52:53,6803,"438,352"
2018,4,CA,Tuolumne,45-64 yrs,01JUL2018:03:52:53,1458,"54,242"
2018,4,CA,Ventura,45-64 yrs,01JUL2018:03:52:53,11544,"827,963"
2018,4,CA,Yolo,45-64 yrs,01JUL2018:03:52:53,2524,"202,753"
2018,4,CA,Yuba,45-64 yrs,01JUL2018:03:52:53,1956,"71,319"
2018,4,CA,Alameda,=< 14 yrs,01JUL2018:03:52:53,283,"1,515,717"
2018,4,CA,Alpine,=< 14 yrs,01JUL2018:03:52:53,0,"1,115"
2018,4,CA,Amador,=< 14 yrs,01JUL2018:03:52:53,10,"38,211"
2018,4,CA,Butte,=< 14 yrs,01JUL2018:03:52:53,42,"220,287"
2018,4,CA,Calaveras,=< 14 yrs,01JUL2018:03:52:53,10,"45,570"
2018,4,CA,Colusa,=< 14 yrs,01JUL2018:03:52:53,2,"21,608"
2018,4,CA,Contra Costa,=< 14 yrs,01JUL2018:03:52:53,276,"1,043,451"
2018,4,CA,Del Norte,=< 14 yrs,01JUL2018:03:52:53,2,"28,596"
2018,4,CA,El Dorado,=< 14 yrs,01JUL2018:03:52:53,34,"180,987"
2018,4,CA,Fresno,=< 14 yrs,01JUL2018:03:52:53,252,"935,100"
2018,4,CA,Glenn,=< 14 yrs,01JUL2018:03:52:53,5,"28,708"
2018,4,CA,Humboldt,=< 14 yrs,01JUL2018:03:52:53,22,"134,681"
2018,4,CA,Imperial,=< 14 yrs,01JUL2018:03:52:53,40,"170,552"
2018,4,CA,Inyo,=< 14 yrs,01JUL2018:03:52:53,3,"19,497"
2018,4,CA,Kern,=< 14 yrs,01JUL2018:03:52:53,199,"841,588"
2018,4,CA,Kings,=< 14 yrs,01JUL2018:03:52:53,45,"151,702"
2018,4,CA,Lake,=< 14 yrs,01JUL2018:03:52:53,16,"64,599"
2018,4,CA,Lassen,=< 14 yrs,01JUL2018:03:52:53,5,"37,144"
2018,4,CA,Los Angeles,=< 14 yrs,01JUL2018:03:52:53,1249,"9,811,939"
2018,4,CA,Madera,=< 14 yrs,01JUL2018:03:52:53,40,"150,446"
2018,4,CA,Marin,=< 14 yrs,01JUL2018:03:52:53,70,"251,685"
2018,4,CA,Mariposa,=< 14 yrs,01JUL2018:03:52:53,2,"16,900"
2018,4,CA,Mendocino,=< 14 yrs,01JUL2018:03:52:53,15,"87,595"
2018,4,CA,Merced,=< 14 yrs,01JUL2018:03:52:53,74,"254,483"
2018,4,CA,Modoc,=< 14 yrs,01JUL2018:03:52:53,0,"8,506"
2018,4,CA,Mono,=< 14 yrs,01JUL2018:03:52:53,1,"12,975"
2018,4,CA,Monterey,=< 14 yrs,01JUL2018:03:52:53,78,"402,842"
2018,4,CA,Napa,=< 14 yrs,01JUL2018:03:52:53,27,"137,050"
2018,4,CA,Nevada,=< 14 yrs,01JUL2018:03:52:53,13,"95,997"
2018,4,CA,Orange,=< 14 yrs,01JUL2018:03:52:53,473,"3,016,237"
2018,4,CA,Placer,=< 14 yrs,01JUL2018:03:52:53,63,"351,384"
2018,4,CA,Plumas,=< 14 yrs,01JUL2018:03:52:53,4,"18,613"
2018,4,CA,Riverside,=< 14 yrs,01JUL2018:03:52:53,400,"2,191,564"
2018,4,CA,Sacramento,=< 14 yrs,01JUL2018:03:52:53,253,"1,420,705"
2018,4,CA,San Benito,=< 14 yrs,01JUL2018:03:52:53,12,"53,857"
2018,4,CA,San Bernardino,=< 14 yrs,01JUL2018:03:52:53,416,"2,032,042"
2018,4,CA,San Diego,=< 14 yrs,01JUL2018:03:52:53,440,"3,091,958"
2018,4,CA,San Francisco,=< 14 yrs,01JUL2018:03:52:53,65,"805,232"
2018,4,CA,San Joaquin,=< 14 yrs,01JUL2018:03:52:53,136,"684,518"
2018,4,CA,San Luis Obispo,=< 14 yrs,01JUL2018:03:52:53,39,"269,227"
2018,4,CA,San Mateo,=< 14 yrs,01JUL2018:03:52:53,122,"690,399"
2018,4,CA,Santa Barbara,=< 14 yrs,01JUL2018:03:52:53,90,"424,106"
2018,4,CA,Santa Clara,=< 14 yrs,01JUL2018:03:52:53,386,"1,805,212"
2018,4,CA,Santa Cruz,=< 14 yrs,01JUL2018:03:52:53,54,"280,225"
2018,4,CA,Shasta,=< 14 yrs,01JUL2018:03:52:53,36,"184,231"
2018,4,CA,Sierra,=< 14 yrs,01JUL2018:03:52:53,0,"2,910"
2018,4,CA,Siskiyou,=< 14 yrs,01JUL2018:03:52:53,6,"46,055"
2018,4,CA,Solano,=< 14 yrs,01JUL2018:03:52:53,72,"412,119"
2018,4,CA,Sonoma,=< 14 yrs,01JUL2018:03:52:53,87,"484,213"
2018,4,CA,Stanislaus,=< 14 yrs,01JUL2018:03:52:53,147,"518,345"
2018,4,CA,Sutter,=< 14 yrs,01JUL2018:03:52:53,17,"93,812"
2018,4,CA,Tehama,=< 14 yrs,01JUL2018:03:52:53,12,"54,639"
2018,4,CA,Trinity,=< 14 yrs,01JUL2018:03:52:53,1,"13,701"
2018,4,CA,Tulare,=< 14 yrs,01JUL2018:03:52:53,137,"438,352"
2018,4,CA,Tuolumne,=< 14 yrs,01JUL2018:03:52:53,13,"54,242"
2018,4,CA,Ventura,=< 14 yrs,01JUL2018:03:52:53,140,"827,963"
2018,4,CA,Yolo,=< 14 yrs,01JUL2018:03:52:53,35,"202,753"
2018,4,CA,Yuba,=< 14 yrs,01JUL2018:03:52:53,14,"71,319"
2018,4,CA,Alameda,>= 65 yrs,01JUL2018:03:52:53,12940,"1,515,717"
2018,4,CA,Alpine,>= 65 yrs,01JUL2018:03:52:53,5,"1,115"
2018,4,CA,Amador,>= 65 yrs,01JUL2018:03:52:53,842,"38,211"
2018,4,CA,Butte,>= 65 yrs,01JUL2018:03:52:53,4876,"220,287"
2018,4,CA,Calaveras,>= 65 yrs,01JUL2018:03:52:53,924,"45,570"
2018,4,CA,Colusa,>= 65 yrs,01JUL2018:03:52:53,270,"21,608"
2018,4,CA,Contra Costa,>= 65 yrs,01JUL2018:03:52:53,12294,"1,043,451"
2018,4,CA,Del Norte,>= 65 yrs,01JUL2018:03:52:53,535,"28,596"
2018,4,CA,El Dorado,>= 65 yrs,01JUL2018:03:52:53,3172,"180,987"
2018,4,CA,Fresno,>= 65 yrs,01JUL2018:03:52:53,10497,"935,100"
2018,4,CA,Glenn,>= 65 yrs,01JUL2018:03:52:53,441,"28,708"
2018,4,CA,Humboldt,>= 65 yrs,01JUL2018:03:52:53,2601,"134,681"
2018,4,CA,Imperial,>= 65 yrs,01JUL2018:03:52:53,1503,"170,552"
2018,4,CA,Inyo,>= 65 yrs,01JUL2018:03:52:53,268,"19,497"
2018,4,CA,Kern,>= 65 yrs,01JUL2018:03:52:53,9342,"841,588"
2018,4,CA,Kings,>= 65 yrs,01JUL2018:03:52:53,1451,"151,702"
2018,4,CA,Lake,>= 65 yrs,01JUL2018:03:52:53,1337,"64,599"
2018,4,CA,Lassen,>= 65 yrs,01JUL2018:03:52:53,405,"37,144"
2018,4,CA,Los Angeles,>= 65 yrs,01JUL2018:03:52:53,70773,"9,811,939"
2018,4,CA,Madera,>= 65 yrs,01JUL2018:03:52:53,1735,"150,446"
2018,4,CA,Marin,>= 65 yrs,01JUL2018:03:52:53,3166,"251,685"
2018,4,CA,Mariposa,>= 65 yrs,01JUL2018:03:52:53,344,"16,900"
2018,4,CA,Mendocino,>= 65 yrs,01JUL2018:03:52:53,1766,"87,595"
2018,4,CA,Merced,>= 65 yrs,01JUL2018:03:52:53,2459,"254,483"
2018,4,CA,Modoc,>= 65 yrs,01JUL2018:03:52:53,162,"8,506"
2018,4,CA,Mono,>= 65 yrs,01JUL2018:03:52:53,53,"12,975"
2018,4,CA,Monterey,>= 65 yrs,01JUL2018:03:52:53,3085,"402,842"
2018,4,CA,Napa,>= 65 yrs,01JUL2018:03:52:53,1951,"137,050"
2018,4,CA,Nevada,>= 65 yrs,01JUL2018:03:52:53,1832,"95,997"
2018,4,CA,Orange,>= 65 yrs,01JUL2018:03:52:53,25772,"3,016,237"
2018,4,CA,Placer,>= 65 yrs,01JUL2018:03:52:53,5923,"351,384"
2018,4,CA,Plumas,>= 65 yrs,01JUL2018:03:52:53,305,"18,613"
2018,4,CA,Riverside,>= 65 yrs,01JUL2018:03:52:53,25603,"2,191,564"
2018,4,CA,Sacramento,>= 65 yrs,01JUL2018:03:52:53,18231,"1,420,705"
2018,4,CA,San Benito,>= 65 yrs,01JUL2018:03:52:53,365,"53,857"
2018,4,CA,San Bernardino,>= 65 yrs,01JUL2018:03:52:53,21305,"2,032,042"
2018,4,CA,San Diego,>= 65 yrs,01JUL2018:03:52:53,28192,"3,091,958"
2018,4,CA,San Francisco,>= 65 yrs,01JUL2018:03:52:53,5238,"805,232"
2018,4,CA,San Joaquin,>= 65 yrs,01JUL2018:03:52:53,8166,"684,518"
2018,4,CA,San Luis Obispo,>= 65 yrs,01JUL2018:03:52:53,3865,"269,227"
2018,4,CA,San Mateo,>= 65 yrs,01JUL2018:03:52:53,5462,"690,399"
2018,4,CA,Santa Barbara,>= 65 yrs,01JUL2018:03:52:53,4263,"424,106"
2018,4,CA,Santa Clara,>= 65 yrs,01JUL2018:03:52:53,10719,"1,805,212"
2018,4,CA,Santa Cruz,>= 65 yrs,01JUL2018:03:52:53,2939,"280,225"
2018,4,CA,Shasta,>= 65 yrs,01JUL2018:03:52:53,4111,"184,231"
2018,4,CA,Sierra,>= 65 yrs,01JUL2018:03:52:53,38,"2,910"
2018,4,CA,Siskiyou,>= 65 yrs,01JUL2018:03:52:53,879,"46,055"
2018,4,CA,Solano,>= 65 yrs,01JUL2018:03:52:53,5142,"412,119"
2018,4,CA,Sonoma,>= 65 yrs,01JUL2018:03:52:53,6935,"484,213"
2018,4,CA,Stanislaus,>= 65 yrs,01JUL2018:03:52:53,8450,"518,345"
2018,4,CA,Sutter,>= 65 yrs,01JUL2018:03:52:53,1530,"93,812"
2018,4,CA,Tehama,>= 65 yrs,01JUL2018:03:52:53,1103,"54,639"
2018,4,CA,Trinity,>= 65 yrs,01JUL2018:03:52:53,315,"13,701"
2018,4,CA,Tulare,>= 65 yrs,01JUL2018:03:52:53,4783,"438,352"
2018,4,CA,Tuolumne,>= 65 yrs,01JUL2018:03:52:53,1266,"54,242"
2018,4,CA,Ventura,>= 65 yrs,01JUL2018:03:52:53,8758,"827,963"
2018,4,CA,Yolo,>= 65 yrs,01JUL2018:03:52:53,1968,"202,753"
2018,4,CA,Yuba,>= 65 yrs,01JUL2018:03:52:53,1198,"71,319"
